url-idx	Primary Wikipedia URL	title	url-localized	question	model_id	config_info	lang	output_text	output_tokens	output_logits
164	https://fr.wikipedia.org/wiki/Bataille_de_Long_Island	Bataille de Long Island	https://es.wikipedia.org/wiki/Batalla_de_Long_Island	¿Quién fue el comandante de las fuerzas británicas durante la Batalla de Long Island y cuál fue su estrategia principal en el enfrentamiento?	Iker/Llama-3-Instruct-Neurona-8b-v2	spanish-Llama-3-Instruct-Neurona-8b-v2.default-extra.jsonl	ES	El comandante de las fuerzas británicas durante la Batalla de Long Island fue el General William Howe. Su estrategia principal en el enfrentamiento fue intentar derrotar al Ejército Continental de George Washington y capturar a su ejército. Howe planeaba hacer esto atacando el ejército de Washington en sus posiciones en Long Island, Nueva York. Sin embargo, las fuerzas de Howe fueron superadas en número por el Ejército Continental, y a pesar de ganar la batalla, no pudieron capturar a las fuerzas de Washington.	['El', 'Ġcom', 'and', 'ante', 'Ġde', 'Ġlas', 'Ġfuer', 'zas', 'Ġbrit', 'Ã¡n', 'icas', 'Ġdurante', 'Ġla', 'ĠBat', 'alla', 'Ġde', 'ĠLong', 'ĠIsland', 'Ġfue', 'Ġel', 'ĠGeneral', 'ĠWilliam', 'ĠHowe', '.', 'ĠSu', 'Ġestr', 'ateg', 'ia', 'Ġprincipal', 'Ġen', 'Ġel', 'Ġenfrent', 'amiento', 'Ġfue', 'Ġintent', 'ar', 'Ġder', 'rot', 'ar', 'Ġal', 'ĠEj', 'Ã©rc', 'ito', 'ĠContinental', 'Ġde', 'ĠGeorge', 'ĠWashington', 'Ġy', 'Ġcapt', 'urar', 'Ġa', 'Ġsu', 'Ġej', 'Ã©rc', 'ito', '.', 'ĠHowe', 'Ġplane', 'aba', 'Ġhacer', 'Ġesto', 'Ġat', 'ac', 'ando', 'Ġel', 'Ġej', 'Ã©rc', 'ito', 'Ġde', 'ĠWashington', 'Ġen', 'Ġsus', 'Ġpos', 'iciones', 'Ġen', 'ĠLong', 'ĠIsland', ',', 'ĠN', 'ueva', 'ĠYork', '.', 'ĠSin', 'Ġembargo', ',', 'Ġlas', 'Ġfuer', 'zas', 'Ġde', 'ĠHowe', 'Ġfueron', 'Ġsuper', 'adas', 'Ġen', 'ĠnÃºmero', 'Ġpor', 'Ġel', 'ĠEj', 'Ã©rc', 'ito', 'ĠContinental', ',', 'Ġy', 'Ġa', 'Ġpes', 'ar', 'Ġde', 'Ġgan', 'ar', 'Ġla', 'Ġbat', 'alla', ',', 'Ġno', 'Ġpud', 'ieron', 'Ġcapt', 'urar', 'Ġa', 'Ġlas', 'Ġfuer', 'zas', 'Ġde', 'ĠWashington', '.', '<|eot_id|>']	[26.064054489135742, 23.183565139770508, 30.408044815063477, 34.44047546386719, 25.433536529541016, 26.76769256591797, 28.38138198852539, 35.444793701171875, 28.01812744140625, 33.71295928955078, 35.81173324584961, 27.772104263305664, 28.583208084106445, 27.590635299682617, 35.56696319580078, 28.48898696899414, 26.093421936035156, 30.08440399169922, 26.51723861694336, 23.672624588012695, 21.229982376098633, 19.701932907104492, 27.82685661315918, 27.483154296875, 26.566648483276367, 25.97882652282715, 33.07054901123047, 35.51493453979492, 29.81953239440918, 25.6225528717041, 26.519073486328125, 23.19498062133789, 30.1517391204834, 26.972299575805664, 15.947784423828125, 34.974369049072266, 18.101064682006836, 33.47734451293945, 34.914894104003906, 22.42782211303711, 21.48184585571289, 32.69113540649414, 31.736576080322266, 23.491331100463867, 17.946508407592773, 19.63551139831543, 28.422386169433594, 17.01057243347168, 19.961835861206055, 35.671207427978516, 18.1099796295166, 19.844436645507812, 18.328514099121094, 30.853750228881836, 31.02432632446289, 19.0756893157959, 16.29332160949707, 18.765174865722656, 25.78951644897461, 17.069137573242188, 23.090810775756836, 16.81356430053711, 29.68181037902832, 34.274269104003906, 18.624481201171875, 18.23838233947754, 32.039894104003906, 37.090728759765625, 20.32541847229004, 20.9148006439209, 20.526893615722656, 17.67843246459961, 22.112634658813477, 31.886180877685547, 17.517194747924805, 17.67752456665039, 27.58469009399414, 22.382293701171875, 19.24213981628418, 32.823585510253906, 29.169681549072266, 24.82769775390625, 18.97881507873535, 29.282108306884766, 29.45357322692871, 18.398983001708984, 19.988933563232422, 29.034427642822266, 23.52764320373535, 20.19455909729004, 22.589933395385742, 17.71107292175293, 32.1415901184082, 22.275405883789062, 20.99972152709961, 25.878915786743164, 24.0395450592041, 20.776424407958984, 32.04167556762695, 35.26327896118164, 24.36927604675293, 22.97062110900879, 24.9014892578125, 18.438507080078125, 27.23550033569336, 34.161434173583984, 28.32724952697754, 18.765817642211914, 32.765533447265625, 23.86541748046875, 25.058860778808594, 36.97834014892578, 24.703882217407227, 19.0450382232666, 23.55989646911621, 31.563825607299805, 22.917987823486328, 36.94662094116211, 22.22596549987793, 20.39615821838379, 24.60018539428711, 33.80259323120117, 23.469879150390625, 23.926132202148438, 23.649381637573242, 20.34013557434082]
314	https://en.wikipedia.org/wiki/Bombykol	Bombykol	https://es.wikipedia.org/wiki/Bombicol	¿Qué animales producen la feromona Bombicol y para qué sirve?	meta-llama/Meta-Llama-3-8B-Instruct	spanish-Meta-Llama-3-8B-Instruct.k50_p0.90_t0.1-extra.jsonl	ES	"La feromona Bombicol es producida por varios insectos, incluyendo:

1. Moscas de la fruta (Drosophila melanogaster): La feromona Bombicol es una sustancia química que las hembras de esta especie de mosquito producen para atraer a los machos y facilitar la cópula.
2. Moscas de la casa (Musca domestica): También las hembras de esta especie de mosquito producen Bombicol para atraer a los machos.
3. Moscas de la vid (Drosophila suzukii): Estas moscas también producen Bombicol para atraer a los machos y facilitar la cópula.

La feromona Bombicol sirve para varios propósitos:

1. Atraer a los machos: La feromona Bombicol es una sustancia química que las hembras producen para atraer a los machos y facilitar la cópula. Los machos detectan la feromona y se dirigen hacia la hembra que la produce.
2. Comunicación sexual: La feromona Bombicol también sirve como una señal de comunicación sexual entre las hembras y los machos. Las hembras producen la feromona para indicar su disponibilidad para la cópula, y los machos la detectan para saber si hay una hembra disponible.
3. Regulación de la población: La feromona Bombicol puede también jugar un papel en la regulación de la población de insectos. Por ejemplo, si la población de una especie de mosquito es demasiado grande, la feromona Bombicol puede ayudar a reducir la tasa de reproducción al atraer a los machos y facilitar la cópula, lo que puede llevar a una disminución de la población.

En resumen, la feromona Bombicol es una sustancia química producida por varias especies de insectos para atraer a los machos, facilitar la cópula y comunicar la disponibilidad para la cópula."	['La', 'Ġfer', 'om', 'ona', 'ĠBomb', 'icol', 'Ġes', 'Ġprodu', 'c', 'ida', 'Ġpor', 'Ġvarios', 'Ġinsect', 'os', ',', 'Ġincl', 'uy', 'endo', ':ĊĊ', '1', '.', 'ĠMos', 'cas', 'Ġde', 'Ġla', 'Ġfr', 'uta', 'Ġ(', 'D', 'ros', 'oph', 'ila', 'Ġmelan', 'og', 'aster', '):', 'ĠLa', 'Ġfer', 'om', 'ona', 'ĠBomb', 'icol', 'Ġes', 'Ġuna', 'Ġsust', 'ancia', 'Ġqu', 'ÃŃm', 'ica', 'Ġque', 'Ġlas', 'Ġhem', 'bras', 'Ġde', 'Ġesta', 'Ġespec', 'ie', 'Ġde', 'Ġmosquito', 'Ġprodu', 'cen', 'Ġpara', 'Ġa', 'tra', 'er', 'Ġa', 'Ġlos', 'Ġmach', 'os', 'Ġy', 'Ġfacilit', 'ar', 'Ġla', 'ĠcÃ³', 'p', 'ula', '.Ċ', '2', '.', 'ĠMos', 'cas', 'Ġde', 'Ġla', 'Ġcasa', 'Ġ(', 'Mus', 'ca', 'Ġdomest', 'ica', '):', 'ĠTambiÃ©n', 'Ġlas', 'Ġhem', 'bras', 'Ġde', 'Ġesta', 'Ġespec', 'ie', 'Ġde', 'Ġmosquito', 'Ġprodu', 'cen', 'ĠBomb', 'icol', 'Ġpara', 'Ġa', 'tra', 'er', 'Ġa', 'Ġlos', 'Ġmach', 'os', '.Ċ', '3', '.', 'ĠMos', 'cas', 'Ġde', 'Ġla', 'Ġvid', 'Ġ(', 'D', 'ros', 'oph', 'ila', 'Ġsu', 'z', 'uk', 'ii', '):', 'ĠEst', 'as', 'Ġmos', 'cas', 'ĠtambiÃ©n', 'Ġprodu', 'cen', 'ĠBomb', 'icol', 'Ġpara', 'Ġa', 'tra', 'er', 'Ġa', 'Ġlos', 'Ġmach', 'os', 'Ġy', 'Ġfacilit', 'ar', 'Ġla', 'ĠcÃ³', 'p', 'ula', '.ĊĊ', 'La', 'Ġfer', 'om', 'ona', 'ĠBomb', 'icol', 'Ġsir', 've', 'Ġpara', 'Ġvarios', 'Ġprop', 'Ã³s', 'itos', ':ĊĊ', '1', '.', 'ĠA', 'tra', 'er', 'Ġa', 'Ġlos', 'Ġmach', 'os', ':', 'ĠLa', 'Ġfer', 'om', 'ona', 'ĠBomb', 'icol', 'Ġes', 'Ġuna', 'Ġsust', 'ancia', 'Ġqu', 'ÃŃm', 'ica', 'Ġque', 'Ġlas', 'Ġhem', 'bras', 'Ġprodu', 'cen', 'Ġpara', 'Ġa', 'tra', 'er', 'Ġa', 'Ġlos', 'Ġmach', 'os', 'Ġy', 'Ġfacilit', 'ar', 'Ġla', 'ĠcÃ³', 'p', 'ula', '.', 'ĠLos', 'Ġmach', 'os', 'Ġdetect', 'an', 'Ġla', 'Ġfer', 'om', 'ona', 'Ġy', 'Ġse', 'Ġdir', 'igen', 'Ġhacia', 'Ġla', 'Ġh', 'emb', 'ra', 'Ġque', 'Ġla', 'Ġproduce', '.Ċ', '2', '.', 'ĠCom', 'unic', 'aciÃ³n', 'Ġsexual', ':', 'ĠLa', 'Ġfer', 'om', 'ona', 'ĠBomb', 'icol', 'ĠtambiÃ©n', 'Ġsir', 've', 'Ġcomo', 'Ġuna', 'ĠseÃ±', 'al', 'Ġde', 'Ġcomunic', 'aciÃ³n', 'Ġsexual', 'Ġentre', 'Ġlas', 'Ġhem', 'bras', 'Ġy', 'Ġlos', 'Ġmach', 'os', '.', 'ĠLas', 'Ġhem', 'bras', 'Ġprodu', 'cen', 'Ġla', 'Ġfer', 'om', 'ona', 'Ġpara', 'Ġindic', 'ar', 'Ġsu', 'Ġdispon', 'ibilidad', 'Ġpara', 'Ġla', 'ĠcÃ³', 'p', 'ula', ',', 'Ġy', 'Ġlos', 'Ġmach', 'os', 'Ġla', 'Ġdetect', 'an', 'Ġpara', 'Ġsaber', 'Ġsi', 'Ġhay', 'Ġuna', 'Ġh', 'emb', 'ra', 'Ġdisponible', '.Ċ', '3', '.', 'ĠReg', 'ul', 'aciÃ³n', 'Ġde', 'Ġla', 'Ġpobl', 'aciÃ³n', ':', 'ĠLa', 'Ġfer', 'om', 'ona', 'ĠBomb', 'icol', 'Ġpuede', 'ĠtambiÃ©n', 'Ġjugar', 'Ġun', 'Ġpapel', 'Ġen', 'Ġla', 'Ġregul', 'aciÃ³n', 'Ġde', 'Ġla', 'Ġpobl', 'aciÃ³n', 'Ġde', 'Ġinsect', 'os', '.', 'ĠPor', 'Ġejemplo', ',', 'Ġsi', 'Ġla', 'Ġpobl', 'aciÃ³n', 'Ġde', 'Ġuna', 'Ġespec', 'ie', 'Ġde', 'Ġmosquito', 'Ġes', 'Ġdemasi', 'ado', 'Ġgrande', ',', 'Ġla', 'Ġfer', 'om', 'ona', 'ĠBomb', 'icol', 'Ġpuede', 'Ġayud', 'ar', 'Ġa', 'Ġredu', 'cir', 'Ġla', 'Ġt', 'asa', 'Ġde', 'Ġreprodu', 'cciÃ³n', 'Ġal', 'Ġa', 'tra', 'er', 'Ġa', 'Ġlos', 'Ġmach', 'os', 'Ġy', 'Ġfacilit', 'ar', 'Ġla', 'ĠcÃ³', 'p', 'ula', ',', 'Ġlo', 'Ġque', 'Ġpuede', 'Ġllevar', 'Ġa', 'Ġuna', 'Ġdis', 'min', 'uciÃ³n', 'Ġde', 'Ġla', 'Ġpobl', 'aciÃ³n', '.ĊĊ', 'En', 'Ġres', 'umen', ',', 'Ġla', 'Ġfer', 'om', 'ona', 'ĠBomb', 'icol', 'Ġes', 'Ġuna', 'Ġsust', 'ancia', 'Ġqu', 'ÃŃm', 'ica', 'Ġprodu', 'c', 'ida', 'Ġpor', 'Ġvarias', 'Ġespec', 'ies', 'Ġde', 'Ġinsect', 'os', 'Ġpara', 'Ġa', 'tra', 'er', 'Ġa', 'Ġlos', 'Ġmach', 'os', ',', 'Ġfacilit', 'ar', 'Ġla', 'ĠcÃ³', 'p', 'ula', 'Ġy', 'Ġcomunic', 'ar', 'Ġla', 'Ġdispon', 'ibilidad', 'Ġpara', 'Ġla', 'ĠcÃ³', 'p', 'ula', '.', '<|eot_id|>']	[25.375850677490234, 22.84430503845215, 30.010910034179688, 37.33558654785156, 20.486652374267578, 23.059598922729492, 20.77475357055664, 21.09211540222168, 30.203205108642578, 33.444087982177734, 23.950271606445312, 19.449438095092773, 20.071935653686523, 33.655338287353516, 20.798612594604492, 19.55279541015625, 34.66984939575195, 32.000335693359375, 16.432889938354492, 30.248483657836914, 30.691871643066406, 16.177318572998047, 27.332263946533203, 17.381425857543945, 20.083858489990234, 18.901281356811523, 24.741886138916016, 21.92524528503418, 21.217851638793945, 26.85951042175293, 27.72657585144043, 30.121662139892578, 21.29605484008789, 31.57710838317871, 37.48029327392578, 27.651596069335938, 19.086862564086914, 17.749671936035156, 31.110549926757812, 38.20479965209961, 22.59981918334961, 24.763484954833984, 21.402729034423828, 18.997337341308594, 17.47235870361328, 31.30844497680664, 21.49553871154785, 28.098182678222656, 35.86857986450195, 18.11843490600586, 18.054513931274414, 21.490455627441406, 29.19638442993164, 24.056201934814453, 22.103191375732422, 23.076908111572266, 33.52716064453125, 20.087465286254883, 23.315357208251953, 19.67296600341797, 30.48722267150879, 22.39183807373047, 21.755949020385742, 27.548118591308594, 25.95308494567871, 22.807952880859375, 25.19813346862793, 21.935152053833008, 31.294578552246094, 21.023595809936523, 14.678430557250977, 38.18241882324219, 23.407461166381836, 16.68558120727539, 27.91730308532715, 33.27730941772461, 27.154781341552734, 31.20128059387207, 30.92029571533203, 18.314029693603516, 29.2525634765625, 17.034353256225586, 18.123119354248047, 14.141081809997559, 24.407581329345703, 24.37824058532715, 29.040786743164062, 25.028390884399414, 32.28607177734375, 28.129121780395508, 21.10721778869629, 21.30255126953125, 24.15056037902832, 30.8546199798584, 28.54563331604004, 23.82520866394043, 26.904687881469727, 31.07910919189453, 24.85720443725586, 24.867534637451172, 23.085147857666016, 30.32916259765625, 21.677104949951172, 28.331178665161133, 24.33489227294922, 23.029760360717773, 30.063081741333008, 30.058076858520508, 27.804279327392578, 29.97280502319336, 27.054380416870117, 38.38941192626953, 24.927705764770508, 31.717517852783203, 30.655929565429688, 17.03276824951172, 28.956066131591797, 16.5108585357666, 16.952247619628906, 13.456938743591309, 23.65181541442871, 19.31153678894043, 24.693330764770508, 27.20529556274414, 31.289247512817383, 16.326560974121094, 21.87040138244629, 28.71025848388672, 29.64924430847168, 28.705923080444336, 20.590866088867188, 29.39902114868164, 21.923629760742188, 29.644390106201172, 18.555763244628906, 21.96605682373047, 30.154525756835938, 23.084592819213867, 28.657386779785156, 24.895263671875, 21.98944664001465, 29.944377899169922, 30.50656509399414, 27.79904556274414, 28.879791259765625, 27.349227905273438, 40.12380599975586, 24.50733757019043, 18.2688045501709, 37.08686065673828, 29.709985733032227, 21.604337692260742, 34.8042106628418, 35.8790168762207, 29.028789520263672, 27.412338256835938, 24.674240112304688, 33.76951599121094, 38.564666748046875, 30.451356887817383, 29.642322540283203, 20.834867477416992, 32.17949295043945, 21.65553855895996, 17.550233840942383, 25.349485397338867, 25.296634674072266, 27.408559799194336, 22.11042594909668, 30.56498146057129, 31.11238670349121, 20.99126434326172, 25.551464080810547, 22.913070678710938, 22.8543758392334, 22.413204193115234, 23.437580108642578, 37.59469223022461, 27.069246292114258, 24.19084358215332, 21.2967586517334, 32.0702018737793, 38.167606353759766, 18.229204177856445, 28.383882522583008, 20.47405242919922, 18.02781867980957, 20.670223236083984, 32.296104431152344, 20.296850204467773, 30.436697006225586, 37.575443267822266, 20.25705337524414, 17.475414276123047, 26.71082878112793, 33.476688385009766, 21.820188522338867, 31.602502822875977, 26.040996551513672, 23.601829528808594, 30.188411712646484, 31.03599739074707, 27.952226638793945, 31.04765510559082, 26.73652458190918, 38.30881881713867, 22.07870101928711, 20.004953384399414, 36.81428909301758, 29.370559692382812, 23.686107635498047, 33.73876953125, 35.61943054199219, 28.469974517822266, 22.26811408996582, 23.872352600097656, 36.08072280883789, 18.4344425201416, 35.19044494628906, 24.544435501098633, 22.65235710144043, 33.05778884887695, 37.501792907714844, 19.7080078125, 19.125492095947266, 19.753128051757812, 30.20984649658203, 25.643272399902344, 23.811893463134766, 19.687349319458008, 28.483102798461914, 35.50022506713867, 20.236072540283203, 25.614652633666992, 21.845043182373047, 24.532041549682617, 32.14645767211914, 31.02729034423828, 16.7227725982666, 27.351789474487305, 31.673917770385742, 18.4097900390625, 28.766956329345703, 28.149002075195312, 24.378673553466797, 31.489240646362305, 38.939212799072266, 24.41417694091797, 28.209001541137695, 19.94878578186035, 18.377933502197266, 32.919227600097656, 27.50351905822754, 19.19896125793457, 20.93585205078125, 35.361717224121094, 21.31940460205078, 18.71027374267578, 36.7009391784668, 24.840164184570312, 25.811765670776367, 24.51495933532715, 22.682588577270508, 33.0475959777832, 26.88083267211914, 29.40430450439453, 26.73409080505371, 39.78312683105469, 27.900869369506836, 21.462188720703125, 25.048709869384766, 34.42350769042969, 21.001968383789062, 29.868083953857422, 23.222360610961914, 29.88296890258789, 36.241455078125, 37.99433898925781, 22.448429107666016, 20.314767837524414, 37.64002990722656, 23.906064987182617, 19.205791473388672, 27.88824462890625, 23.368499755859375, 21.090572357177734, 23.453115463256836, 34.23707580566406, 32.06448745727539, 25.342594146728516, 25.670576095581055, 31.267398834228516, 28.528831481933594, 39.15174865722656, 21.145368576049805, 22.864160537719727, 36.15341567993164, 27.495792388916016, 16.780223846435547, 23.818300247192383, 21.957183837890625, 21.864803314208984, 22.192420959472656, 30.653488159179688, 35.10505294799805, 19.599489212036133, 23.215831756591797, 32.246063232421875, 30.6346492767334, 16.865880966186523, 26.896926879882812, 28.96851348876953, 24.213760375976562, 24.396793365478516, 18.645612716674805, 30.24797821044922, 28.48432159423828, 26.622425079345703, 22.83894157409668, 34.28955841064453, 39.16522979736328, 31.491056442260742, 29.719301223754883, 23.84586524963379, 19.567707061767578, 19.697275161743164, 29.004371643066406, 27.93670654296875, 26.248023986816406, 31.431350708007812, 27.577009201049805, 33.56775665283203, 29.75865936279297, 31.74679946899414, 26.252483367919922, 35.26681137084961, 24.893756866455078, 21.195907592773438, 33.5945930480957, 22.51880645751953, 21.66762924194336, 27.93475914001465, 35.743736267089844, 21.427959442138672, 22.359477996826172, 20.121774673461914, 33.903202056884766, 25.406269073486328, 20.27098846435547, 24.240386962890625, 33.91448974609375, 21.9189453125, 24.26588249206543, 20.337322235107422, 18.9844970703125, 29.508838653564453, 22.333009719848633, 30.142108917236328, 25.22520637512207, 19.467809677124023, 33.80857849121094, 36.2562141418457, 23.838714599609375, 28.246505737304688, 24.58014678955078, 18.753671646118164, 37.73174285888672, 29.958511352539062, 19.67133140563965, 32.06008529663086, 23.056171417236328, 18.926410675048828, 27.499435424804688, 27.19172477722168, 19.367877960205078, 29.164825439453125, 20.534400939941406, 18.431148529052734, 26.403446197509766, 29.315378189086914, 23.98919677734375, 24.839797973632812, 26.031463623046875, 37.860164642333984, 21.52855110168457, 16.23810386657715, 34.596351623535156, 26.599084854125977, 20.74017906188965, 31.463167190551758, 33.071449279785156, 21.296546936035156, 23.83639144897461, 26.21656036376953, 19.562095642089844, 17.77068519592285, 27.496734619140625, 26.882137298583984, 21.43178367614746, 28.259061813354492, 32.77836227416992, 22.454862594604492, 29.70919418334961, 24.685775756835938, 31.10744857788086, 23.241554260253906, 24.763322830200195, 21.231903076171875, 29.62994956970215, 34.4884033203125, 31.287723541259766, 30.761903762817383, 35.0872688293457, 37.65169143676758, 34.1440544128418, 29.38640785217285, 26.531003952026367, 27.10498809814453, 26.242149353027344, 31.305089950561523, 28.721763610839844, 30.978302001953125, 39.552276611328125, 24.38949966430664, 33.147621154785156, 32.932395935058594, 28.839588165283203, 20.780010223388672, 28.91065216064453, 33.2219123840332, 32.22970199584961, 26.950254440307617, 35.453697204589844, 22.918243408203125, 23.41959571838379, 31.161056518554688, 31.321041107177734, 28.45354652404785, 28.083316802978516, 26.230165481567383, 38.92704391479492, 28.504884719848633, 24.16901969909668, 37.34848403930664, 33.07670974731445, 28.35167121887207, 32.803340911865234, 35.584896087646484, 31.17035675048828, 20.586326599121094, 32.704200744628906, 20.865779876708984, 24.951126098632812, 31.709943771362305, 24.613304138183594, 24.058637619018555, 22.404329299926758, 29.548351287841797, 33.91105651855469, 25.72216033935547, 20.165279388427734]
213	https://fr.wikipedia.org/wiki/Kyle_Korver	Kyle Korver	https://es.wikipedia.org/wiki/Kyle_Korver	¿Qué deporte practica Kyle Korver?	Iker/Llama-3-Instruct-Neurona-8b-v2	spanish-Llama-3-Instruct-Neurona-8b-v2.k75_p0.95_t0.1-extra.jsonl	ES	Kyle Korver es un jugador de baloncesto profesional. Ha jugado en la Asociación Nacional de Baloncesto (NBA) para varios equipos, incluyendo a los Philadelphia 76ers, Utah Jazz, Atlanta Hawks, Los Angeles Lakers y Milwaukee Bucks. Es conocido por su habilidad en el tiro de tres puntos y su precisión desde la línea de tres puntos.	['Kyle', 'ĠKor', 'ver', 'Ġes', 'Ġun', 'Ġjugador', 'Ġde', 'Ġbal', 'once', 'sto', 'Ġprofesional', '.', 'ĠHa', 'Ġjug', 'ado', 'Ġen', 'Ġla', 'ĠAs', 'oci', 'aciÃ³n', 'ĠNacional', 'Ġde', 'ĠBal', 'once', 'sto', 'Ġ(', 'N', 'BA', ')', 'Ġpara', 'Ġvarios', 'Ġequipos', ',', 'Ġincl', 'uy', 'endo', 'Ġa', 'Ġlos', 'ĠPhiladelphia', 'Ġ', '76', 'ers', ',', 'ĠUtah', 'ĠJazz', ',', 'ĠAtlanta', 'ĠHawks', ',', 'ĠLos', 'ĠAngeles', 'ĠLakers', 'Ġy', 'ĠMilwaukee', 'ĠBucks', '.', 'ĠEs', 'Ġconoc', 'ido', 'Ġpor', 'Ġsu', 'Ġhabil', 'idad', 'Ġen', 'Ġel', 'Ġt', 'iro', 'Ġde', 'Ġtres', 'Ġpuntos', 'Ġy', 'Ġsu', 'Ġprecis', 'iÃ³n', 'Ġdesde', 'Ġla', 'ĠlÃŃnea', 'Ġde', 'Ġtres', 'Ġpuntos', '.', '<|eot_id|>']	[24.88186264038086, 29.35941505432129, 32.22428894042969, 24.055225372314453, 23.886837005615234, 23.429248809814453, 24.54050636291504, 25.00829315185547, 34.88100814819336, 31.908342361450195, 25.019790649414062, 23.088056564331055, 19.12488555908203, 23.73111343383789, 30.68162727355957, 21.906436920166016, 24.353431701660156, 22.523454666137695, 29.421030044555664, 35.77613830566406, 27.609210968017578, 28.638526916503906, 27.604297637939453, 35.81442642211914, 35.095882415771484, 26.088865280151367, 29.14719009399414, 32.980098724365234, 28.722198486328125, 24.589296340942383, 25.34636878967285, 27.113208770751953, 24.927324295043945, 24.776058197021484, 31.88357925415039, 35.24757766723633, 21.726703643798828, 25.66145896911621, 23.537389755249023, 25.852256774902344, 31.692148208618164, 29.849428176879883, 26.848508834838867, 22.621065139770508, 27.670923233032227, 25.970035552978516, 23.544748306274414, 30.273635864257812, 25.642187118530273, 18.65622329711914, 26.19228744506836, 20.041221618652344, 25.606037139892578, 17.27631378173828, 26.996171951293945, 26.494997024536133, 18.85700798034668, 23.038400650024414, 35.06441879272461, 25.885465621948242, 25.4569149017334, 18.71527862548828, 24.733543395996094, 21.71405601501465, 20.093488693237305, 20.96040916442871, 33.056671142578125, 20.422130584716797, 21.13361167907715, 22.241775512695312, 22.981782913208008, 19.263317108154297, 16.417606353759766, 31.474023818969727, 20.325939178466797, 23.61861801147461, 24.510480880737305, 24.190628051757812, 20.004262924194336, 23.899578094482422, 24.01590919494629, 22.720050811767578]
73	https://zh.wikipedia.org/wiki/%E8%8E%AB%E9%87%8C%E8%8C%A8%C2%B7%E7%A6%8F%E5%B0%94%E8%8C%A8	莫里茨·福尔茨	https://es.wikipedia.org/wiki/Moritz_Volz	¿En qué equipo jugaba Moritz Volz y en qué posición?	Qwen/Qwen2-7B-Instruct	spanish-Qwen2-7B-Instruct.default-extra.jsonl	ES	Moritz Volz es un exfutbolista alemán que jugó como defensa. Su carrera profesional la pasó mayormente en el club 1. FC Nuremberg, con el cual jugó de 1996 a 2004. También tuvo una breve estancia en el Eintracht Frankfurt durante la temporada 2003-2004. Además de su tiempo en estos equipos, también representó a la selección alemana en varios partidos internacionales.	['Mor', 'itz', 'ĠVol', 'z', 'Ġes', 'Ġun', 'Ġex', 'f', 'ut', 'bol', 'ista', 'Ġa', 'lem', 'Ã¡n', 'Ġque', 'Ġjug', 'Ã³', 'Ġcomo', 'Ġdef', 'ensa', '.', 'ĠSu', 'Ġcarrera', 'Ġprofesional', 'Ġla', 'Ġpas', 'Ã³', 'Ġmayor', 'mente', 'Ġen', 'Ġel', 'Ġclub', 'Ġ', '1', '.', 'ĠFC', 'ĠN', 'ure', 'm', 'berg', ',', 'Ġcon', 'Ġel', 'Ġcual', 'Ġjug', 'Ã³', 'Ġde', 'Ġ', '1', '9', '9', '6', 'Ġa', 'Ġ', '2', '0', '0', '4', '.', 'ĠTambiÃ©n', 'Ġtu', 'vo', 'Ġuna', 'Ġbreve', 'Ġest', 'ancia', 'Ġen', 'Ġel', 'ĠEin', 'tr', 'acht', 'ĠFrankfurt', 'Ġdurante', 'Ġla', 'Ġtemporada', 'Ġ', '2', '0', '0', '3', '-', '2', '0', '0', '4', '.', 'ĠAdemÃ¡s', 'Ġde', 'Ġsu', 'Ġtiempo', 'Ġen', 'Ġestos', 'Ġequipos', ',', 'ĠtambiÃ©n', 'Ġrepresent', 'Ã³', 'Ġa', 'Ġla', 'Ġsele', 'cciÃ³n', 'Ġale', 'mana', 'Ġen', 'Ġvarios', 'Ġpart', 'idos', 'Ġintern', 'acionales', '.', '<|im_end|>']	[25.981433868408203, 32.272212982177734, 24.16444206237793, 29.799211502075195, 20.29482078552246, 20.379444122314453, 20.71183204650879, 21.863113403320312, 25.429447174072266, 29.02234649658203, 30.068147659301758, 17.95745277404785, 27.494781494140625, 25.079397201538086, 21.392642974853516, 19.551673889160156, 29.138687133789062, 19.639116287231445, 19.562564849853516, 26.897098541259766, 20.797321319580078, 17.528179168701172, 20.962074279785156, 18.277748107910156, 16.46445083618164, 17.215913772583008, 33.727516174316406, 18.971912384033203, 26.422203063964844, 20.25278091430664, 20.582820892333984, 15.725053787231445, 14.595399856567383, 26.02886199951172, 25.14597511291504, 26.74319839477539, 19.73613739013672, 22.708097457885742, 26.561317443847656, 29.930126190185547, 22.823673248291016, 18.02263641357422, 21.054372787475586, 22.951305389404297, 17.590261459350586, 30.912517547607422, 15.585713386535645, 24.057819366455078, 24.644927978515625, 25.74418830871582, 24.37954330444336, 21.951135635375977, 27.613265991210938, 25.91611671447754, 26.64781951904297, 26.715351104736328, 24.88652229309082, 21.30866813659668, 23.488927841186523, 16.938127517700195, 18.621301651000977, 29.707927703857422, 16.818496704101562, 18.720924377441406, 17.739274978637695, 27.141109466552734, 20.38709259033203, 17.68578338623047, 13.293623924255371, 22.738752365112305, 27.792970657348633, 18.632183074951172, 20.36007308959961, 21.326160430908203, 22.08340072631836, 25.555082321166992, 22.477880477905273, 24.651901245117188, 25.62177848815918, 24.571313858032227, 28.71854591369629, 26.426061630249023, 26.874008178710938, 27.158048629760742, 28.61127281188965, 26.164173126220703, 17.300785064697266, 23.5301570892334, 18.933271408081055, 15.970182418823242, 18.1561336517334, 16.539987564086914, 20.80363655090332, 17.14911651611328, 16.391271591186523, 17.31631851196289, 28.16960334777832, 20.39763641357422, 18.674829483032227, 21.264822006225586, 40.36271667480469, 20.690797805786133, 27.388675689697266, 18.477998733520508, 16.56056785583496, 18.825838088989258, 35.299869537353516, 21.31035804748535, 30.762428283691406, 26.489315032958984, 24.045019149780273]
71	https://zh.wikipedia.org/wiki/2011%E5%B9%B4%E6%AD%90%E6%B4%B2%E8%B6%85%E7%B4%9A%E7%9B%83	2011年歐洲超級盃	https://es.wikipedia.org/wiki/Supercopa_de_la_UEFA_2011	¿Qué equipos contendieron por la Supercopa de la UEFA en el 2011?	Qwen/Qwen2-7B-Instruct	spanish-Qwen2-7B-Instruct.k50_p0.90_t0.1-extra.jsonl	ES	La Supercopa de la UEFA en el 2011 fue disputada entre el Chelsea FC de Inglaterra, ganador de la Liga de Campeones de la UEFA en el 2011, y el FC Barcelona de España, ganador de la Liga de Europa de la UEFA en el mismo año.	['La', 'ĠSup', 'erc', 'opa', 'Ġde', 'Ġla', 'ĠUEFA', 'Ġen', 'Ġel', 'Ġ', '2', '0', '1', '1', 'Ġfue', 'Ġdisput', 'ada', 'Ġentre', 'Ġel', 'ĠChelsea', 'ĠFC', 'Ġde', 'ĠIng', 'lat', 'erra', ',', 'Ġgan', 'ador', 'Ġde', 'Ġla', 'ĠLiga', 'Ġde', 'ĠCam', 'pe', 'ones', 'Ġde', 'Ġla', 'ĠUEFA', 'Ġen', 'Ġel', 'Ġ', '2', '0', '1', '1', ',', 'Ġy', 'Ġel', 'ĠFC', 'ĠBarcelona', 'Ġde', 'ĠEspaÃ±a', ',', 'Ġgan', 'ador', 'Ġde', 'Ġla', 'ĠLiga', 'Ġde', 'ĠEuropa', 'Ġde', 'Ġla', 'ĠUEFA', 'Ġen', 'Ġel', 'Ġmismo', 'ĠaÃ±o', '.', '<|im_end|>']	[25.03644371032715, 24.656967163085938, 28.35658836364746, 29.075559616088867, 27.020919799804688, 25.52073860168457, 28.608619689941406, 22.746944427490234, 27.283761978149414, 28.726612091064453, 28.85652732849121, 28.430761337280273, 30.097929000854492, 33.10422897338867, 21.680349349975586, 20.688791275024414, 37.620361328125, 23.65974998474121, 22.10239028930664, 16.925174713134766, 22.479148864746094, 25.18655776977539, 25.54743766784668, 26.759248733520508, 24.578224182128906, 28.329587936401367, 22.84642219543457, 29.801254272460938, 25.338560104370117, 27.293880462646484, 22.095300674438477, 23.66761589050293, 26.012805938720703, 30.258926391601562, 39.127567291259766, 23.03902244567871, 23.362499237060547, 25.572755813598633, 23.413681030273438, 23.430925369262695, 22.192298889160156, 30.97312355041504, 29.469627380371094, 33.719749450683594, 32.50944137573242, 27.9123592376709, 30.836082458496094, 24.307586669921875, 15.434253692626953, 18.809940338134766, 26.95682716369629, 24.074140548706055, 29.3127384185791, 20.54775619506836, 32.223670959472656, 25.772951126098633, 27.638336181640625, 21.660505294799805, 22.28695297241211, 19.777807235717773, 20.729827880859375, 28.051488876342773, 27.128665924072266, 26.064220428466797, 27.375696182250977, 25.88743019104004, 26.84064483642578, 30.015830993652344, 22.421899795532227]
212	https://sv.wikipedia.org/wiki/Magnar_Solberg	Magnar Solberg	https://es.wikipedia.org/wiki/Magnar_Solberg	¿Cuántas veces participó Magnar Solberg en los juegos olímpicos y en qué deporte compitió?	Qwen/Qwen2-7B-Instruct	spanish-Qwen2-7B-Instruct.default-extra.jsonl	ES	"Magnar Solberg fue un piragüista noruego que participó en los Juegos Olímpicos de Verano en varias ocasiones. Solberg compitió en piragüismo, específicamente en la modalidad de canoa-kayak.

Solberg participó en los siguientes Juegos Olímpicos:

1. Los Juegos Olímpicos de 1972 en Múnich, Alemania.
2. Los Juegos Olímpicos de 1976 en Montreal, Canadá.
3. Los Juegos Olímpicos de 1980 en Moscú, Unión Soviética.

En total, Magnar Solberg participó en 3 ediciones de los Juegos Olímpicos."	['M', 'agnar', 'ĠSol', 'berg', 'Ġfue', 'Ġun', 'Ġpir', 'ag', 'Ã¼', 'ista', 'Ġnor', 'uego', 'Ġque', 'Ġparticip', 'Ã³', 'Ġen', 'Ġlos', 'ĠJ', 'uegos', 'ĠOl', 'ÃŃ', 'mp', 'icos', 'Ġde', 'ĠVer', 'ano', 'Ġen', 'Ġvarias', 'Ġocas', 'iones', '.', 'ĠSol', 'berg', 'Ġcomp', 'iti', 'Ã³', 'Ġen', 'Ġpir', 'ag', 'Ã¼', 'ismo', ',', 'ĠespecÃŃf', 'icamente', 'Ġen', 'Ġla', 'Ġmodal', 'idad', 'Ġde', 'Ġcan', 'oa', '-k', 'ay', 'ak', '.ĊĊ', 'Sol', 'berg', 'Ġparticip', 'Ã³', 'Ġen', 'Ġlos', 'Ġsiguientes', 'ĠJ', 'uegos', 'ĠOl', 'ÃŃ', 'mp', 'icos', ':ĊĊ', '1', '.', 'ĠLos', 'ĠJ', 'uegos', 'ĠOl', 'ÃŃ', 'mp', 'icos', 'Ġde', 'Ġ', '1', '9', '7', '2', 'Ġen', 'ĠM', 'Ãºn', 'ich', ',', 'ĠAle', 'mania', '.Ċ', '2', '.', 'ĠLos', 'ĠJ', 'uegos', 'ĠOl', 'ÃŃ', 'mp', 'icos', 'Ġde', 'Ġ', '1', '9', '7', '6', 'Ġen', 'ĠMontreal', ',', 'ĠCan', 'ad', 'Ã¡', '.Ċ', '3', '.', 'ĠLos', 'ĠJ', 'uegos', 'ĠOl', 'ÃŃ', 'mp', 'icos', 'Ġde', 'Ġ', '1', '9', '8', '0', 'Ġen', 'ĠMos', 'c', 'Ãº', ',', 'ĠUn', 'iÃ³n', 'ĠSov', 'i', 'Ã©tica', '.ĊĊ', 'En', 'Ġtotal', ',', 'ĠMagn', 'ar', 'ĠSol', 'berg', 'Ġparticip', 'Ã³', 'Ġen', 'Ġ', '3', 'Ġed', 'iciones', 'Ġde', 'Ġlos', 'ĠJ', 'uegos', 'ĠOl', 'ÃŃ', 'mp', 'icos', '.', '<|im_end|>']	[21.06414031982422, 21.074373245239258, 21.532663345336914, 30.154146194458008, 19.885892868041992, 21.99231719970703, 14.914101600646973, 23.356538772583008, 24.58004379272461, 29.05043601989746, 20.475934982299805, 21.0468692779541, 21.39307975769043, 19.91707420349121, 30.43844985961914, 20.967914581298828, 19.8651065826416, 21.910404205322266, 31.0900821685791, 27.524009704589844, 31.401140213012695, 33.59770202636719, 32.67471694946289, 21.077333450317383, 15.523548126220703, 27.881269454956055, 19.187156677246094, 16.568511962890625, 25.25782585144043, 36.78278350830078, 24.672706604003906, 15.007131576538086, 26.014150619506836, 18.510974884033203, 28.410913467407227, 31.987470626831055, 19.616384506225586, 16.99879264831543, 22.688501358032227, 25.363197326660156, 28.636518478393555, 20.436683654785156, 18.774581909179688, 32.8828010559082, 21.50796127319336, 18.612239837646484, 18.152650833129883, 36.751991271972656, 18.032285690307617, 17.25917625427246, 19.578811645507812, 18.940406799316406, 26.942150115966797, 30.692134857177734, 19.793289184570312, 15.071000099182129, 25.772174835205078, 17.245975494384766, 27.203638076782227, 19.592674255371094, 18.977561950683594, 19.72860336303711, 20.793325424194336, 29.433923721313477, 24.96994400024414, 32.29230880737305, 29.991378784179688, 33.158424377441406, 25.305143356323242, 26.531980514526367, 28.549840927124023, 18.575822830200195, 21.012222290039062, 27.541105270385742, 24.774839401245117, 31.996381759643555, 31.123092651367188, 34.91752243041992, 22.458003997802734, 16.364704132080078, 23.57526969909668, 27.466594696044922, 23.828107833862305, 31.27725601196289, 23.35808563232422, 20.778560638427734, 24.44666862487793, 29.102108001708984, 24.219524383544922, 21.15288734436035, 31.546009063720703, 26.852489471435547, 26.16545867919922, 28.09404182434082, 24.214679718017578, 23.718666076660156, 31.107393264770508, 27.489831924438477, 34.937129974365234, 29.11527442932129, 32.52276611328125, 25.524351119995117, 25.5191707611084, 28.583494186401367, 27.678787231445312, 26.74694061279297, 31.299503326416016, 25.196653366088867, 23.61436653137207, 30.19571876525879, 26.125030517578125, 27.939905166625977, 27.695255279541016, 29.15139389038086, 28.28523826599121, 28.360939025878906, 23.341075897216797, 25.168764114379883, 33.496009826660156, 27.87233543395996, 35.77885818481445, 30.425554275512695, 31.851335525512695, 25.84225082397461, 26.111684799194336, 27.786701202392578, 29.457292556762695, 31.072301864624023, 29.076873779296875, 23.93047523498535, 24.661287307739258, 26.971303939819336, 25.372331619262695, 28.030529022216797, 20.786109924316406, 27.052837371826172, 28.128141403198242, 28.111724853515625, 30.281494140625, 25.906389236450195, 16.990707397460938, 16.09449577331543, 21.717872619628906, 15.022576332092285, 27.741350173950195, 20.70375633239746, 26.60926055908203, 16.517589569091797, 26.364700317382812, 20.262516021728516, 16.529468536376953, 22.899648666381836, 19.773496627807617, 27.412240982055664, 23.80681800842285, 25.36973762512207, 22.005313873291016, 29.229982376098633, 25.16897201538086, 33.552452087402344, 30.47610855102539, 32.86244583129883, 21.299196243286133, 20.471588134765625]
171	https://zh.wikipedia.org/wiki/%E5%AE%89%E5%90%89%E6%96%AF%E7%89%B9%E9%87%8C%E5%B2%9B	安吉斯特里岛	https://es.wikipedia.org/wiki/Angistri	¿Cómo puedo llegar a Angistri desde Egina?	Qwen/Qwen2-7B-Instruct	spanish-Qwen2-7B-Instruct.k75_p0.90_t0.2-extra.jsonl	ES	"Para llegar a Aegisthi desde Egina, puedes seguir estos pasos:

1. **Por barco**: Es la forma más común de viajar entre las islas del Archipiélago Saronico. Desde el puerto de Egina, puedes tomar un ferry o un barco que te lleve a Aegisthi. Los horarios y frecuencia pueden variar dependiendo de la temporada, por lo que es recomendable verificarlos en una agencia de viajes o en el sitio web de la empresa de transporte marítimo.

2. **Por avión**: Si estás en Atenas, puedes volar desde el Aeropuerto Internacional de Atenas (El Pireo) a Egina. Luego, toma el ferry o el barco para Aegisthi. 

3. **En coche**: Si tienes acceso a un vehículo y estás dispuesto a hacer un viaje de tierra, puedes conducir desde Atenas hasta Egina y luego tomar el ferry a Aegisthi. Sin embargo, este método puede ser más costoso y menos conveniente que viajar en barco.

Recuerda siempre verificar los horarios y precios de los servicios de transporte antes de tu viaje."	['Para', 'Ġllegar', 'Ġa', 'ĠA', 'eg', 'ist', 'hi', 'Ġdesde', 'ĠEg', 'ina', ',', 'Ġpuedes', 'Ġseguir', 'Ġestos', 'Ġpas', 'os', ':ĊĊ', '1', '.', 'Ġ**', 'Por', 'Ġbar', 'co', '**:', 'ĠEs', 'Ġla', 'Ġforma', 'ĠmÃ¡s', 'ĠcomÃºn', 'Ġde', 'Ġvia', 'jar', 'Ġentre', 'Ġlas', 'Ġis', 'las', 'Ġdel', 'ĠArch', 'ipi', 'Ã©l', 'ago', 'ĠS', 'aron', 'ico', '.', 'ĠDesde', 'Ġel', 'Ġpuerto', 'Ġde', 'ĠEg', 'ina', ',', 'Ġpuedes', 'Ġtomar', 'Ġun', 'Ġferry', 'Ġo', 'Ġun', 'Ġbar', 'co', 'Ġque', 'Ġte', 'Ġlle', 've', 'Ġa', 'ĠA', 'eg', 'ist', 'hi', '.', 'ĠLos', 'Ġhor', 'arios', 'Ġy', 'Ġfrec', 'uencia', 'Ġpueden', 'Ġvari', 'ar', 'Ġdepend', 'iendo', 'Ġde', 'Ġla', 'Ġtemporada', ',', 'Ġpor', 'Ġlo', 'Ġque', 'Ġes', 'Ġrecomend', 'able', 'Ġverificar', 'los', 'Ġen', 'Ġuna', 'Ġag', 'encia', 'Ġde', 'Ġvia', 'jes', 'Ġo', 'Ġen', 'Ġel', 'Ġsitio', 'Ġweb', 'Ġde', 'Ġla', 'Ġempresa', 'Ġde', 'Ġtransporte', 'Ġmar', 'ÃŃt', 'imo', '.ĊĊ', '2', '.', 'Ġ**', 'Por', 'Ġav', 'iÃ³n', '**:', 'ĠSi', 'Ġest', 'Ã¡s', 'Ġen', 'ĠA', 'ten', 'as', ',', 'Ġpuedes', 'Ġvol', 'ar', 'Ġdesde', 'Ġel', 'ĠAer', 'op', 'u', 'erto', 'ĠInternacional', 'Ġde', 'ĠA', 'ten', 'as', 'Ġ(', 'El', 'ĠP', 'ire', 'o', ')', 'Ġa', 'ĠEg', 'ina', '.', 'ĠL', 'uego', ',', 'Ġto', 'ma', 'Ġel', 'Ġferry', 'Ġo', 'Ġel', 'Ġbar', 'co', 'Ġpara', 'ĠA', 'eg', 'ist', 'hi', '.', 'ĠĊĊ', '3', '.', 'Ġ**', 'En', 'Ġco', 'che', '**:', 'ĠSi', 'Ġtienes', 'Ġacceso', 'Ġa', 'Ġun', 'ĠvehÃŃculo', 'Ġy', 'Ġest', 'Ã¡s', 'Ġdisp', 'uesto', 'Ġa', 'Ġhacer', 'Ġun', 'Ġvia', 'je', 'Ġde', 'Ġti', 'erra', ',', 'Ġpuedes', 'Ġconduc', 'ir', 'Ġdesde', 'ĠA', 'ten', 'as', 'Ġhasta', 'ĠEg', 'ina', 'Ġy', 'Ġluego', 'Ġtomar', 'Ġel', 'Ġferry', 'Ġa', 'ĠA', 'eg', 'ist', 'hi', '.', 'ĠSin', 'Ġembargo', ',', 'Ġeste', 'ĠmÃ©todo', 'Ġpuede', 'Ġser', 'ĠmÃ¡s', 'Ġcost', 'oso', 'Ġy', 'Ġmenos', 'Ġconven', 'iente', 'Ġque', 'Ġvia', 'jar', 'Ġen', 'Ġbar', 'co', '.ĊĊ', 'Rec', 'uer', 'da', 'Ġsiempre', 'Ġverificar', 'Ġlos', 'Ġhor', 'arios', 'Ġy', 'Ġprecios', 'Ġde', 'Ġlos', 'Ġservicios', 'Ġde', 'Ġtransporte', 'Ġantes', 'Ġde', 'Ġtu', 'Ġvia', 'je', '.', '<|im_end|>']	[19.20113754272461, 18.95043182373047, 23.566295623779297, 19.183650970458984, 23.447654724121094, 18.503257751464844, 23.285917282104492, 23.429397583007812, 22.41745948791504, 22.93611717224121, 23.720394134521484, 17.219722747802734, 19.33293342590332, 20.570865631103516, 21.581220626831055, 32.78011703491211, 22.66228675842285, 22.486255645751953, 25.092365264892578, 17.312650680541992, 16.593637466430664, 17.12933921813965, 25.813541412353516, 19.59177589416504, 15.53767204284668, 17.533123016357422, 20.62439727783203, 22.30111312866211, 18.957733154296875, 24.182329177856445, 19.259672164916992, 26.12803077697754, 21.575712203979492, 17.85388946533203, 19.84438133239746, 27.371288299560547, 16.88591194152832, 15.205522537231445, 26.575721740722656, 25.565622329711914, 32.360782623291016, 16.219322204589844, 17.84242057800293, 27.148237228393555, 19.74698257446289, 16.56631088256836, 17.862590789794922, 22.526525497436523, 20.867494583129883, 19.550748825073242, 25.85382080078125, 19.182802200317383, 16.357704162597656, 20.117952346801758, 22.475292205810547, 20.221128463745117, 16.658294677734375, 18.150144577026367, 19.044288635253906, 27.612470626831055, 16.29485321044922, 17.81171989440918, 21.888214111328125, 28.634824752807617, 20.592147827148438, 18.266263961791992, 26.506690979003906, 22.961360931396484, 25.416473388671875, 22.75094223022461, 15.650897979736328, 18.681743621826172, 32.05464172363281, 21.713668823242188, 18.947803497314453, 22.926725387573242, 18.281715393066406, 22.539155960083008, 34.20084762573242, 21.384653091430664, 30.54416847229004, 22.408605575561523, 22.473182678222656, 22.508777618408203, 22.744338989257812, 17.53404998779297, 22.973024368286133, 21.83133316040039, 17.934513092041016, 19.6433048248291, 33.87950897216797, 17.783979415893555, 17.44927978515625, 19.217302322387695, 16.250289916992188, 17.695348739624023, 31.091794967651367, 20.12993812561035, 19.133617401123047, 27.66170310974121, 18.786972045898438, 17.096458435058594, 16.426097869873047, 21.086456298828125, 24.06410026550293, 16.71150779724121, 15.97970962524414, 18.281557083129883, 19.027053833007812, 19.103994369506836, 18.175439834594727, 27.405397415161133, 28.788639068603516, 18.864940643310547, 23.383493423461914, 26.399948120117188, 25.776653289794922, 17.12208366394043, 20.7789363861084, 30.246421813964844, 16.813756942749023, 17.15613555908203, 16.897262573242188, 26.66744613647461, 16.922563552856445, 15.884751319885254, 25.099607467651367, 29.137399673461914, 20.47845458984375, 17.546672821044922, 17.964313507080078, 28.924352645874023, 18.3001766204834, 18.92562484741211, 21.88469123840332, 28.870960235595703, 27.5273494720459, 32.28836441040039, 19.570545196533203, 18.30074119567871, 21.17888832092285, 26.67083168029785, 29.943119049072266, 15.500622749328613, 19.82303237915039, 16.695039749145508, 18.76690101623535, 25.81182098388672, 18.191530227661133, 17.760034561157227, 14.919930458068848, 24.346826553344727, 16.610719680786133, 17.59157371520996, 23.700634002685547, 17.485992431640625, 14.944167137145996, 29.269081115722656, 19.13658905029297, 17.740888595581055, 15.067512512207031, 17.233428955078125, 19.860458374023438, 27.912569046020508, 16.905351638793945, 17.735193252563477, 22.659503936767578, 25.304841995239258, 23.425764083862305, 23.112918853759766, 16.0916748046875, 18.64303970336914, 26.326629638671875, 24.967485427856445, 16.75889778137207, 19.3503360748291, 26.294645309448242, 13.510065078735352, 16.958477020263672, 17.28565216064453, 17.568044662475586, 20.23420524597168, 18.095314025878906, 18.68535804748535, 19.101036071777344, 15.607402801513672, 22.375957489013672, 16.14590072631836, 30.0445613861084, 21.745288848876953, 15.968935012817383, 16.46747589111328, 18.036094665527344, 28.989721298217773, 15.73559284210205, 14.452972412109375, 27.51589012145996, 17.70103645324707, 17.256816864013672, 16.63092041015625, 36.46763610839844, 18.693078994750977, 16.55132293701172, 26.114688873291016, 29.677879333496094, 19.701414108276367, 14.649824142456055, 25.964115142822266, 21.093666076660156, 19.216936111450195, 15.790512084960938, 18.906068801879883, 20.881858825683594, 14.604111671447754, 20.670900344848633, 24.009414672851562, 24.39673614501953, 24.26566505432129, 24.315446853637695, 16.857051849365234, 25.853668212890625, 27.763648986816406, 16.64568519592285, 18.43842887878418, 17.147809982299805, 17.989614486694336, 16.35028076171875, 17.011266708374023, 26.121675491333008, 22.64211082458496, 15.003053665161133, 17.80689239501953, 32.937686920166016, 18.17757225036621, 17.15241050720215, 24.954063415527344, 19.295928955078125, 18.121826171875, 27.464576721191406, 18.963594436645508, 16.90609359741211, 26.61970329284668, 30.54561996459961, 17.755876541137695, 16.188249588012695, 18.102642059326172, 17.429393768310547, 28.89773178100586, 21.850875854492188, 15.356948852539062, 17.31743812561035, 17.59722328186035, 17.179922103881836, 18.227619171142578, 20.644529342651367, 16.574323654174805, 25.812145233154297, 17.30694580078125, 20.616069793701172, 31.708066940307617, 24.42798614501953, 16.33293342590332]
210	https://zh.wikipedia.org/wiki/%E7%8D%B5%E8%B2%93%E7%A7%91	獵貓科	https://es.wikipedia.org/wiki/Nimravidae	¿Qué son los nimrávidos (Nimravidae)?	Iker/Llama-3-Instruct-Neurona-8b-v2	spanish-Llama-3-Instruct-Neurona-8b-v2.default-extra.jsonl	ES	"Los nimrávidos (Nimravidae) son una familia extinta de mamíferos carnívoros que vivieron durante el período Cretácico Tardío, hace aproximadamente entre 83 a 66 millones de años. Fueron similares en apariencia a los gatos y pertenecen al orden Carnivora. Los nimrávidos tenían dientes afilados y garras y probablemente eran depredadores de pequeños mamíferos, reptiles y anfibios.

Los nimrávidos fueron descubiertos por primera vez en la región de Wyoming, Estados Unidos, y desde entonces se han encontrado fósiles en otras partes del mundo, incluyendo Asia y Europa. Aunque son extintos, sus descendientes vivos incluyen al gato doméstico (Felis catus) y al gato montés (Felis silvestris), ambos miembros de la familia Felidae."	['Los', 'Ġnim', 'rÃ¡', 'vid', 'os', 'Ġ(', 'N', 'im', 'rav', 'idae', ')', 'Ġson', 'Ġuna', 'Ġfamilia', 'Ġext', 'inta', 'Ġde', 'Ġmam', 'ÃŃ', 'fer', 'os', 'Ġcarn', 'ÃŃ', 'vor', 'os', 'Ġque', 'Ġviv', 'ieron', 'Ġdurante', 'Ġel', 'ĠperÃŃodo', 'ĠC', 'ret', 'Ã¡c', 'ico', 'ĠT', 'ard', 'ÃŃo', ',', 'Ġhace', 'Ġaproxim', 'adamente', 'Ġentre', 'Ġ', '83', 'Ġa', 'Ġ', '66', 'Ġmillones', 'Ġde', 'ĠaÃ±os', '.', 'ĠF', 'uer', 'on', 'Ġsimil', 'ares', 'Ġen', 'Ġap', 'ari', 'encia', 'Ġa', 'Ġlos', 'Ġg', 'atos', 'Ġy', 'Ġpert', 'en', 'ec', 'en', 'Ġal', 'Ġorden', 'ĠCarn', 'iv', 'ora', '.', 'ĠLos', 'Ġnim', 'rÃ¡', 'vid', 'os', 'Ġten', 'ÃŃan', 'Ġd', 'ientes', 'Ġaf', 'il', 'ados', 'Ġy', 'Ġg', 'arr', 'as', 'Ġy', 'Ġprobable', 'mente', 'Ġer', 'an', 'Ġdep', 'red', 'adores', 'Ġde', 'Ġpeque', 'Ã±os', 'Ġmam', 'ÃŃ', 'fer', 'os', ',', 'Ġrept', 'iles', 'Ġy', 'Ġan', 'fib', 'ios', '.ĊĊ', 'Los', 'Ġnim', 'rÃ¡', 'vid', 'os', 'Ġfueron', 'Ġdesc', 'ub', 'iert', 'os', 'Ġpor', 'Ġprimera', 'Ġvez', 'Ġen', 'Ġla', 'Ġreg', 'iÃ³n', 'Ġde', 'ĠWyoming', ',', 'ĠEstados', 'ĠUnidos', ',', 'Ġy', 'Ġdesde', 'Ġentonces', 'Ġse', 'Ġhan', 'Ġencontrado', 'Ġf', 'Ã³s', 'iles', 'Ġen', 'Ġotras', 'Ġpartes', 'Ġdel', 'Ġmundo', ',', 'Ġincl', 'uy', 'endo', 'ĠAsia', 'Ġy', 'ĠEuropa', '.', 'ĠA', 'unque', 'Ġson', 'Ġext', 'int', 'os', ',', 'Ġsus', 'Ġdescend', 'ientes', 'Ġviv', 'os', 'Ġincl', 'uyen', 'Ġal', 'Ġg', 'ato', 'Ġdom', 'Ã©st', 'ico', 'Ġ(', 'Fel', 'is', 'Ġc', 'atus', ')', 'Ġy', 'Ġal', 'Ġg', 'ato', 'Ġmont', 'Ã©s', 'Ġ(', 'Fel', 'is', 'Ġsil', 'vest', 'ris', '),', 'Ġambos', 'Ġmi', 'embros', 'Ġde', 'Ġla', 'Ġfamilia', 'ĠFel', 'idae', '.', '<|eot_id|>']	[23.463546752929688, 22.120710372924805, 22.16333770751953, 26.680490493774414, 26.622608184814453, 25.19683074951172, 26.771684646606445, 30.747941970825195, 29.65801239013672, 36.86775207519531, 27.30927848815918, 25.138381958007812, 26.517452239990234, 23.509456634521484, 23.606807708740234, 32.08324432373047, 25.04334259033203, 21.104066848754883, 31.742050170898438, 30.41270637512207, 32.825767517089844, 17.90097427368164, 27.161155700683594, 33.67333984375, 30.900142669677734, 18.65647315979004, 22.153642654418945, 30.619611740112305, 23.83169937133789, 23.97769546508789, 19.206214904785156, 19.248149871826172, 27.447668075561523, 28.753446578979492, 29.859487533569336, 20.65454864501953, 29.91482162475586, 31.093286514282227, 22.212812423706055, 19.5167179107666, 26.57777976989746, 39.31661605834961, 25.29991340637207, 25.566707611083984, 20.489978790283203, 22.484920501708984, 26.21664047241211, 24.951501846313477, 27.937820434570312, 29.176973342895508, 27.485082626342773, 24.667787551879883, 20.39879035949707, 29.3344669342041, 32.25279998779297, 15.280556678771973, 36.37839889526367, 25.195140838623047, 23.703458786010742, 36.91070556640625, 35.52401351928711, 26.043548583984375, 20.956226348876953, 17.796165466308594, 25.69062042236328, 17.698305130004883, 16.822959899902344, 29.532888412475586, 31.03828239440918, 26.962047576904297, 27.13669204711914, 21.41242790222168, 17.004365921020508, 26.202550888061523, 30.241701126098633, 24.527660369873047, 22.880651473999023, 21.77241325378418, 29.257841110229492, 33.76441192626953, 30.15640640258789, 20.451650619506836, 31.743423461914062, 18.860187530517578, 31.800437927246094, 20.73764991760254, 32.14659118652344, 32.91427993774414, 23.149845123291016, 17.664161682128906, 28.314687728881836, 30.525684356689453, 18.451709747314453, 20.152366638183594, 32.18798828125, 22.33663558959961, 33.13210678100586, 20.79517936706543, 31.241191864013672, 36.953548431396484, 17.53368377685547, 16.740543365478516, 25.520896911621094, 20.96892547607422, 33.68343734741211, 32.092079162597656, 34.57292556762695, 24.40220069885254, 20.480037689208984, 37.07160568237305, 25.640735626220703, 19.718204498291016, 24.059831619262695, 37.565643310546875, 24.073835372924805, 22.230955123901367, 19.029701232910156, 27.955415725708008, 29.796072006225586, 31.298107147216797, 18.964366912841797, 18.59380340576172, 27.217710494995117, 39.61494445800781, 33.54279708862305, 24.613075256347656, 23.300111770629883, 29.42298698425293, 25.85490608215332, 19.107261657714844, 18.352785110473633, 33.682212829589844, 19.89142417907715, 15.183093070983887, 21.350360870361328, 22.5095272064209, 34.46153259277344, 26.0208797454834, 24.08359718322754, 18.46942901611328, 30.613323211669922, 23.967618942260742, 28.056812286376953, 25.540861129760742, 22.35573959350586, 33.26631546020508, 35.54167175292969, 22.849836349487305, 19.576913833618164, 24.58709144592285, 26.55573272705078, 22.915603637695312, 26.319835662841797, 27.866363525390625, 34.0267219543457, 37.082603454589844, 21.35555076599121, 25.17542839050293, 23.284975051879883, 27.55426025390625, 19.708560943603516, 23.198686599731445, 17.285511016845703, 18.041160583496094, 30.437673568725586, 34.453460693359375, 27.072978973388672, 18.886667251586914, 19.596118927001953, 33.423072814941406, 20.486488342285156, 29.396644592285156, 22.169424057006836, 33.49123001098633, 17.94478988647461, 16.98258399963379, 23.750736236572266, 18.044450759887695, 30.133853912353516, 35.913604736328125, 22.022369384765625, 29.310266494750977, 28.941865921020508, 24.879718780517578, 30.00900650024414, 25.526424407958984, 26.41754722595215, 22.361412048339844, 18.603954315185547, 23.33831024169922, 17.244733810424805, 29.035675048828125, 21.56705093383789, 25.613550186157227, 27.892133712768555, 23.09401512145996, 28.123903274536133, 30.67890739440918, 22.627973556518555, 21.994693756103516, 20.67282485961914, 35.6187629699707, 27.802974700927734, 28.841707229614258, 26.98328971862793, 26.715362548828125, 34.9161376953125, 25.605804443359375, 23.839786529541016]
5	https://en.wikipedia.org/wiki/Helsingin_Jalkapalloklubi	Helsingin Jalkapalloklubi	https://es.wikipedia.org/wiki/Helsingin_Jalkapalloklubi	¿Cuál es el principal rival del equipo HJK de Helsinki?	meta-llama/Meta-Llama-3-8B-Instruct	spanish-Meta-Llama-3-8B-Instruct.k50_p0.90_t0.1-extra.jsonl	ES	El principal rival del equipo HJK de Helsinki es el equipo FC Inter Turku, con quien comparten la rivalidad más fuerte en la liga finlandesa. Sin embargo, también hay una gran rivalidad con el equipo FC Honka, otro equipo de la liga finlandesa.	['El', 'Ġprincipal', 'Ġrival', 'Ġdel', 'Ġequipo', 'ĠH', 'JK', 'Ġde', 'ĠHelsinki', 'Ġes', 'Ġel', 'Ġequipo', 'ĠFC', 'ĠInter', 'ĠTur', 'ku', ',', 'Ġcon', 'Ġquien', 'Ġcomp', 'arten', 'Ġla', 'Ġrival', 'idad', 'ĠmÃ¡s', 'Ġfu', 'erte', 'Ġen', 'Ġla', 'Ġl', 'iga', 'Ġfin', 'land', 'esa', '.', 'ĠSin', 'Ġembargo', ',', 'ĠtambiÃ©n', 'Ġhay', 'Ġuna', 'Ġgran', 'Ġrival', 'idad', 'Ġcon', 'Ġel', 'Ġequipo', 'ĠFC', 'ĠHon', 'ka', ',', 'Ġotro', 'Ġequipo', 'Ġde', 'Ġla', 'Ġl', 'iga', 'Ġfin', 'land', 'esa', '.', '<|eot_id|>']	[22.8635311126709, 22.14588165283203, 24.49675750732422, 26.512378692626953, 21.989843368530273, 23.446903228759766, 29.89746856689453, 23.0234375, 28.1757755279541, 24.4234561920166, 19.07183265686035, 17.585378646850586, 16.92454719543457, 19.105016708374023, 22.864160537719727, 29.48771095275879, 23.971837997436523, 19.128173828125, 21.171091079711914, 20.4554500579834, 26.641216278076172, 19.170612335205078, 17.16092300415039, 29.897289276123047, 17.83858299255371, 18.735797882080078, 31.35232162475586, 23.710988998413086, 21.35930633544922, 18.147075653076172, 30.677330017089844, 19.744491577148438, 28.201702117919922, 30.858116149902344, 22.295251846313477, 18.970046997070312, 28.08209228515625, 31.2457275390625, 20.70906639099121, 20.761686325073242, 22.764842987060547, 20.61463737487793, 22.543842315673828, 33.38904571533203, 24.476415634155273, 23.687246322631836, 19.509920120239258, 17.667272567749023, 18.308015823364258, 32.406742095947266, 22.14435577392578, 18.30108642578125, 21.590972900390625, 17.56749725341797, 19.44729995727539, 17.27263832092285, 32.5811653137207, 19.803955078125, 29.29373550415039, 30.013885498046875, 20.30815315246582, 19.2132511138916]
193	https://fr.wikipedia.org/wiki/Abrus	Abrus	https://es.wikipedia.org/wiki/Abrus	¿Qué tipo de plantas son las pertenecientes al género Abrus?	Iker/Llama-3-Instruct-Neurona-8b-v2	spanish-Llama-3-Instruct-Neurona-8b-v2.default-extra.jsonl	ES	Las plantas pertenecientes al género Abrus son arbustos y pequeños árboles. Forman parte de la familia Fabaceae, también conocida como legumbres. Estas plantas son nativas de regiones tropicales y subtropicales de Asia, África y Australia. Se conocen por sus flores brillantemente coloreadas y sus frutas, que a menudo son comestibles. Sin embargo, algunas especies del género Abrus, como Abrus precatorius, también son conocidas por ser venenosas debido a la presencia de abrina, una sustancia tóxica en sus semillas.	['Las', 'Ġplant', 'as', 'Ġpert', 'en', 'ec', 'ientes', 'Ġal', 'ĠgÃ©', 'nero', 'ĠAbr', 'us', 'Ġson', 'Ġarb', 'ustos', 'Ġy', 'Ġpeque', 'Ã±os', 'ĠÃ¡', 'r', 'bo', 'les', '.', 'ĠForm', 'an', 'Ġparte', 'Ġde', 'Ġla', 'Ġfamilia', 'ĠFab', 'aceae', ',', 'ĠtambiÃ©n', 'Ġconoc', 'ida', 'Ġcomo', 'Ġleg', 'umb', 'res', '.', 'ĠEst', 'as', 'Ġplant', 'as', 'Ġson', 'Ġnat', 'ivas', 'Ġde', 'Ġregion', 'es', 'Ġtrop', 'ica', 'les', 'Ġy', 'Ġsubt', 'rop', 'ica', 'les', 'Ġde', 'ĠAsia', ',', 'ĠÃģ', 'frica', 'Ġy', 'ĠAustralia', '.', 'ĠSe', 'Ġconoc', 'en', 'Ġpor', 'Ġsus', 'Ġflo', 'res', 'Ġbrill', 'ant', 'emente', 'Ġcolore', 'adas', 'Ġy', 'Ġsus', 'Ġfr', 'utas', ',', 'Ġque', 'Ġa', 'Ġmen', 'udo', 'Ġson', 'Ġcom', 'est', 'ibles', '.', 'ĠSin', 'Ġembargo', ',', 'Ġalgunas', 'Ġespec', 'ies', 'Ġdel', 'ĠgÃ©', 'nero', 'ĠAbr', 'us', ',', 'Ġcomo', 'ĠAbr', 'us', 'Ġprec', 'ator', 'ius', ',', 'ĠtambiÃ©n', 'Ġson', 'Ġconoc', 'idas', 'Ġpor', 'Ġser', 'Ġven', 'enos', 'as', 'Ġdebido', 'Ġa', 'Ġla', 'Ġpres', 'encia', 'Ġde', 'Ġab', 'rina', ',', 'Ġuna', 'Ġsust', 'ancia', 'Ġt', 'Ã³', 'x', 'ica', 'Ġen', 'Ġsus', 'Ġsem', 'illas', '.', '<|eot_id|>']	[25.40796661376953, 24.277307510375977, 30.296554565429688, 24.879549026489258, 31.8050537109375, 32.467864990234375, 34.98875045776367, 28.46772003173828, 28.45464324951172, 36.659881591796875, 27.95066261291504, 27.500110626220703, 24.20798110961914, 17.779830932617188, 35.34952163696289, 18.71146011352539, 19.340919494628906, 30.273195266723633, 23.294925689697266, 31.773807525634766, 29.217098236083984, 36.45534133911133, 17.168420791625977, 17.77506446838379, 29.870866775512695, 27.844100952148438, 28.452205657958984, 26.799335479736328, 25.86093521118164, 21.80161476135254, 31.353622436523438, 24.004230499267578, 22.41416358947754, 30.539377212524414, 30.886882781982422, 28.79642677307129, 20.85399055480957, 29.760967254638672, 28.977352142333984, 22.762786865234375, 20.501157760620117, 29.312416076660156, 25.296655654907227, 29.691082000732422, 22.068798065185547, 21.88062858581543, 34.983604431152344, 26.743188858032227, 20.39476776123047, 33.361656188964844, 24.007143020629883, 30.948219299316406, 33.16128158569336, 24.56009292602539, 23.292251586914062, 34.249900817871094, 32.5274658203125, 33.49155807495117, 22.001482009887695, 23.252016067504883, 24.005373001098633, 22.616426467895508, 35.83366394042969, 25.026987075805664, 21.276643753051758, 25.727924346923828, 17.85511016845703, 21.244226455688477, 33.071510314941406, 23.55986976623535, 24.065353393554688, 19.940950393676758, 32.03749084472656, 16.877782821655273, 29.35312271118164, 29.91701889038086, 25.580154418945312, 33.872562408447266, 26.107614517211914, 18.140676498413086, 17.841772079467773, 29.414539337158203, 15.497892379760742, 21.979177474975586, 20.068132400512695, 25.702774047851562, 34.84496307373047, 22.74498176574707, 15.345139503479004, 27.729169845581055, 34.056358337402344, 24.157155990600586, 21.891326904296875, 30.133520126342773, 29.24928092956543, 22.41204261779785, 26.110469818115234, 38.790924072265625, 23.43838119506836, 27.867700576782227, 36.3613395690918, 27.901952743530273, 31.447101593017578, 24.54913902282715, 27.987945556640625, 26.6595458984375, 29.59967041015625, 16.90895652770996, 25.502456665039062, 31.481658935546875, 26.43334197998047, 22.563570022583008, 25.87641143798828, 21.654258728027344, 34.09964370727539, 27.77257537841797, 22.453222274780273, 20.12928581237793, 34.95771408081055, 27.959924697875977, 23.659595489501953, 27.948265075683594, 23.73999786376953, 22.35030746459961, 35.435302734375, 26.576499938964844, 16.799087524414062, 27.034603118896484, 23.118919372558594, 25.331735610961914, 19.364757537841797, 37.80088424682617, 19.59505844116211, 28.67823600769043, 29.17488670349121, 32.043296813964844, 20.608047485351562, 26.102046966552734, 23.1390380859375, 34.27634048461914, 24.75880241394043, 23.53253936767578]
203	https://fr.wikipedia.org/wiki/Cap-Vert_aux_Jeux_olympiques	Cap-Vert aux Jeux olympiques	https://es.wikipedia.org/wiki/Cabo_Verde_en_los_Juegos_Ol%C3%ADmpicos	¿En cuántas edicioned de los juegos olímpicos ha participado Cabo Verde?	Qwen/Qwen2-7B-Instruct	spanish-Qwen2-7B-Instruct.default-extra.jsonl	ES	Cabo Verde ha participado en 8 ediciones de los Juegos Olímpicos hasta el año 2021. La primera vez fue en 1976 en Montreal, Canadá.	['C', 'abo', 'ĠVerde', 'Ġha', 'Ġparticip', 'ado', 'Ġen', 'Ġ', '8', 'Ġed', 'iciones', 'Ġde', 'Ġlos', 'ĠJ', 'uegos', 'ĠOl', 'ÃŃ', 'mp', 'icos', 'Ġhasta', 'Ġel', 'ĠaÃ±o', 'Ġ', '2', '0', '2', '1', '.', 'ĠLa', 'Ġprimera', 'Ġvez', 'Ġfue', 'Ġen', 'Ġ', '1', '9', '7', '6', 'Ġen', 'ĠMontreal', ',', 'ĠCan', 'ad', 'Ã¡', '.', '<|im_end|>']	[23.481307983398438, 30.109390258789062, 24.304357528686523, 21.39946174621582, 22.448705673217773, 31.776578903198242, 24.554119110107422, 19.15093421936035, 22.857250213623047, 23.260440826416016, 33.05440139770508, 25.268821716308594, 26.079200744628906, 25.901058197021484, 32.480201721191406, 29.36622428894043, 32.565879821777344, 33.173004150390625, 35.87754440307617, 21.5952205657959, 21.299299240112305, 18.810222625732422, 23.62989616394043, 30.374788284301758, 27.103179931640625, 30.437253952026367, 26.339336395263672, 25.698915481567383, 17.198999404907227, 21.935190200805664, 21.386964797973633, 22.38833236694336, 25.073551177978516, 18.89352798461914, 28.704233169555664, 30.83416175842285, 29.210351943969727, 31.484018325805664, 23.826059341430664, 20.617094039916992, 27.426549911499023, 24.64311408996582, 28.484729766845703, 28.07351303100586, 28.753032684326172, 20.035303115844727]
184	https://fr.wikipedia.org/wiki/Catherine_McCormack	Catherine McCormack	https://es.wikipedia.org/wiki/Catherine_McCormack	¿En cuántas películas ha actuado Catherine McCormack, y cuáles son las 3 más importantes?	Qwen/Qwen2-7B-Instruct	spanish-Qwen2-7B-Instruct.k75_p0.95_t0.1-extra.jsonl	ES	"Catherine McCormack es una actriz escocesa que ha tenido una carrera bastante exitosa en el cine y la televisión. Según mi búsqueda, ha aparecido en alrededor de 25 películas y series de televisión. Sin embargo, no tengo la capacidad de determinar cuáles son sus ""3 más importantes"" ya que esto puede variar dependiendo de la interpretación de cada persona.

Aquí te menciono algunas de las películas más conocidas en las que ha participado:

1. ""Braveheart"" (1995) - En esta película histórica dirigida por Mel Gibson, McCormack interpreta a Isabella de Angulema, la esposa de Eduardo I de Inglaterra.

2. ""Troy"" (2004) - En esta adaptación de la epopeya homérica, McCormack interpreta a Briseis, una mujer cautiva que se convierte en amante del rey Aquiles.

3. ""The Devil's Arithmetic"" (1999) - En esta película dramática, McCormack interpreta a Rachel, una joven judía que se ve envuelta en eventos trágicos durante la Segunda Guerra Mundial.

Por favor, ten en cuenta que esta información puede estar sujeta a cambios y que hay muchas otras películas y series en las que ha participado."	"['C', 'atherine', 'ĠMcCorm', 'ack', 'Ġes', 'Ġuna', 'Ġact', 'riz', 'Ġesc', 'oc', 'esa', 'Ġque', 'Ġha', 'Ġten', 'ido', 'Ġuna', 'Ġcarrera', 'Ġbastante', 'Ġexit', 'osa', 'Ġen', 'Ġel', 'Ġcine', 'Ġy', 'Ġla', 'Ġtelevis', 'iÃ³n', '.', 'ĠSegÃºn', 'Ġmi', 'ĠbÃºsqueda', ',', 'Ġha', 'Ġapare', 'cido', 'Ġen', 'Ġal', 'red', 'edor', 'Ġde', 'Ġ', '2', '5', 'ĠpelÃŃcul', 'as', 'Ġy', 'Ġseries', 'Ġde', 'Ġtelevis', 'iÃ³n', '.', 'ĠSin', 'Ġembargo', ',', 'Ġno', 'Ġtengo', 'Ġla', 'Ġcapacidad', 'Ġde', 'Ġdetermin', 'ar', 'Ġcu', 'Ã¡', 'les', 'Ġson', 'Ġsus', 'Ġ""', '3', 'ĠmÃ¡s', 'Ġimportantes', '""', 'Ġya', 'Ġque', 'Ġesto', 'Ġpuede', 'Ġvari', 'ar', 'Ġdepend', 'iendo', 'Ġde', 'Ġla', 'Ġinterpret', 'aciÃ³n', 'Ġde', 'Ġcada', 'Ġpersona', '.ĊĊ', 'Aqu', 'ÃŃ', 'Ġte', 'Ġmenc', 'ion', 'o', 'Ġalgunas', 'Ġde', 'Ġlas', 'ĠpelÃŃcul', 'as', 'ĠmÃ¡s', 'Ġconoc', 'idas', 'Ġen', 'Ġlas', 'Ġque', 'Ġha', 'Ġparticip', 'ado', ':ĊĊ', '1', '.', 'Ġ""', 'Br', 'ave', 'heart', '""', 'Ġ(', '1', '9', '9', '5', ')', 'Ġ-', 'ĠEn', 'Ġesta', 'ĠpelÃŃcula', 'ĠhistÃ³', 'rica', 'Ġdirig', 'ida', 'Ġpor', 'ĠMel', 'ĠGibson', ',', 'ĠMcCorm', 'ack', 'Ġinterpre', 'ta', 'Ġa', 'ĠIs', 'abella', 'Ġde', 'ĠAng', 'ule', 'ma', ',', 'Ġla', 'Ġesposa', 'Ġde', 'ĠEduardo', 'ĠI', 'Ġde', 'ĠIng', 'lat', 'erra', '.ĊĊ', '2', '.', 'Ġ""', 'T', 'roy', '""', 'Ġ(', '2', '0', '0', '4', ')', 'Ġ-', 'ĠEn', 'Ġesta', 'Ġadapt', 'aciÃ³n', 'Ġde', 'Ġla', 'Ġep', 'ope', 'ya', 'Ġhom', 'Ã©rica', ',', 'ĠMcCorm', 'ack', 'Ġinterpre', 'ta', 'Ġa', 'ĠBr', 'ise', 'is', ',', 'Ġuna', 'Ġmujer', 'Ġcaut', 'iva', 'Ġque', 'Ġse', 'Ġconv', 'ierte', 'Ġen', 'Ġam', 'ante', 'Ġdel', 'Ġre', 'y', 'ĠAqu', 'iles', '.ĊĊ', '3', '.', 'Ġ""', 'The', 'ĠDevil', ""'s"", 'ĠArithmetic', '""', 'Ġ(', '1', '9', '9', '9', ')', 'Ġ-', 'ĠEn', 'Ġesta', 'ĠpelÃŃcula', 'Ġdram', 'Ã¡tica', ',', 'ĠMcCorm', 'ack', 'Ġinterpre', 'ta', 'Ġa', 'ĠRachel', ',', 'Ġuna', 'Ġjoven', 'Ġjud', 'ÃŃa', 'Ġque', 'Ġse', 'Ġve', 'Ġenv', 'uel', 'ta', 'Ġen', 'Ġeventos', 'Ġtr', 'Ã¡g', 'icos', 'Ġdurante', 'Ġla', 'ĠSeg', 'unda', 'ĠGu', 'erra', 'ĠMund', 'ial', '.ĊĊ', 'Por', 'Ġfavor', ',', 'Ġten', 'Ġen', 'Ġcuenta', 'Ġque', 'Ġesta', 'ĠinformaciÃ³n', 'Ġpuede', 'Ġestar', 'Ġsu', 'jeta', 'Ġa', 'Ġcambios', 'Ġy', 'Ġque', 'Ġhay', 'Ġmuchas', 'Ġotras', 'ĠpelÃŃcul', 'as', 'Ġy', 'Ġseries', 'Ġen', 'Ġlas', 'Ġque', 'Ġha', 'Ġparticip', 'ado', '.', '<|im_end|>']"	[22.076248168945312, 24.477996826171875, 24.130840301513672, 31.35459327697754, 20.970703125, 21.674972534179688, 21.10721206665039, 29.18380355834961, 17.369810104370117, 24.90894317626953, 33.89706802368164, 19.030508041381836, 19.636011123657227, 18.2695369720459, 34.31052017211914, 18.17188835144043, 18.53575897216797, 15.229958534240723, 18.970844268798828, 36.40736389160156, 22.905227661132812, 19.662593841552734, 19.731168746948242, 22.083728790283203, 20.094955444335938, 24.081005096435547, 35.8509521484375, 24.194175720214844, 18.025049209594727, 14.638376235961914, 19.06673812866211, 19.370603561401367, 15.964558601379395, 19.013113021850586, 35.81064987182617, 21.997894287109375, 18.8330020904541, 25.003732681274414, 33.565757751464844, 29.535619735717773, 23.868453979492188, 22.846580505371094, 25.342960357666016, 20.63706398010254, 31.230674743652344, 19.862789154052734, 17.17776107788086, 18.592191696166992, 21.114967346191406, 31.328672409057617, 18.130250930786133, 17.0733642578125, 21.575986862182617, 24.709869384765625, 13.571810722351074, 17.93295669555664, 16.988481521606445, 19.856918334960938, 19.658357620239258, 16.04953956604004, 26.42518424987793, 17.28526496887207, 20.73661994934082, 28.3004093170166, 17.437131881713867, 18.0782413482666, 18.391429901123047, 20.65966033935547, 18.15630340576172, 23.1279354095459, 22.217090606689453, 17.708906173706055, 26.064781188964844, 17.207876205444336, 18.646448135375977, 20.601200103759766, 32.15987014770508, 18.190059661865234, 32.00776672363281, 21.28786849975586, 18.72573471069336, 19.286334991455078, 33.3647575378418, 20.973508834838867, 19.487276077270508, 20.407846450805664, 23.638412475585938, 17.437088012695312, 33.444175720214844, 18.32476806640625, 17.881145477294922, 25.352718353271484, 27.234691619873047, 18.412708282470703, 19.39828109741211, 19.7208251953125, 17.088306427001953, 33.50752639770508, 18.378076553344727, 19.687610626220703, 28.2632999420166, 17.45410919189453, 22.54102325439453, 23.350221633911133, 18.196382522583008, 20.13236427307129, 28.802326202392578, 19.103853225708008, 27.35384178161621, 27.576457977294922, 15.692059516906738, 15.278705596923828, 16.858089447021484, 22.616901397705078, 25.657855987548828, 24.52943229675293, 19.999691009521484, 25.160808563232422, 22.430919647216797, 27.709548950195312, 25.370773315429688, 18.625579833984375, 14.050026893615723, 20.276172637939453, 18.291589736938477, 15.797794342041016, 28.118309020996094, 16.465595245361328, 37.173927307128906, 24.530107498168945, 19.51471710205078, 26.035728454589844, 21.212980270385742, 14.984122276306152, 28.21731948852539, 18.31961441040039, 25.91434669494629, 19.770076751708984, 14.229437828063965, 27.612037658691406, 16.359392166137695, 17.421634674072266, 21.14740753173828, 25.291120529174805, 23.76383399963379, 16.41842269897461, 16.6213321685791, 16.067914962768555, 15.634038925170898, 20.015037536621094, 21.54222297668457, 25.693798065185547, 26.330631256103516, 27.89429473876953, 22.591020584106445, 26.092222213745117, 27.81179428100586, 21.655075073242188, 12.881542205810547, 17.889633178710938, 24.54364585876465, 27.091022491455078, 26.71954345703125, 35.68207931518555, 34.932430267333984, 29.85794448852539, 27.0789852142334, 22.800493240356445, 14.359274864196777, 17.16495704650879, 16.909324645996094, 30.345382690429688, 16.757795333862305, 17.57501983642578, 16.832124710083008, 24.61052703857422, 29.64126205444336, 16.666534423828125, 23.539020538330078, 19.208894729614258, 13.57233715057373, 24.264612197875977, 17.454084396362305, 24.044885635375977, 19.786611557006836, 17.655210494995117, 20.432144165039062, 23.5494384765625, 24.168560028076172, 16.4510498046875, 15.15528392791748, 14.987537384033203, 27.104230880737305, 14.630316734313965, 14.675399780273438, 17.290771484375, 24.99373435974121, 21.1702880859375, 16.891315460205078, 28.44045639038086, 18.87588882446289, 17.834712982177734, 26.85255241394043, 16.518476486206055, 25.991178512573242, 21.770544052124023, 26.03087615966797, 27.644060134887695, 22.67654800415039, 13.824295043945312, 14.66742992401123, 18.068336486816406, 14.814957618713379, 27.423274993896484, 27.039142608642578, 21.592422485351562, 23.773300170898438, 27.599159240722656, 33.19178009033203, 24.156641006469727, 23.854564666748047, 15.531609535217285, 19.551027297973633, 18.796279907226562, 15.78377628326416, 27.35577964782715, 15.546380043029785, 15.06244945526123, 23.506641387939453, 18.067411422729492, 25.36592674255371, 19.12118148803711, 13.627838134765625, 14.787856101989746, 17.461402893066406, 18.280506134033203, 18.33088493347168, 28.33318328857422, 16.53459358215332, 15.710010528564453, 17.23098373413086, 16.70848846435547, 25.374359130859375, 29.2919979095459, 19.22538185119629, 15.710533142089844, 14.051739692687988, 25.813613891601562, 30.005191802978516, 17.501131057739258, 18.571020126342773, 17.61870765686035, 29.808504104614258, 26.769607543945312, 24.661975860595703, 23.998004913330078, 29.556962966918945, 23.26849937438965, 17.22710418701172, 20.703344345092773, 18.932893753051758, 15.803345680236816, 21.02684211730957, 25.737199783325195, 22.613311767578125, 14.819452285766602, 19.511171340942383, 17.973997116088867, 18.345600128173828, 18.034311294555664, 26.199588775634766, 26.41912841796875, 19.429189682006836, 18.871810913085938, 13.784010887145996, 13.038091659545898, 18.50298309326172, 20.97427749633789, 19.126148223876953, 31.532554626464844, 17.06330108642578, 17.109891891479492, 17.663677215576172, 22.476903915405273, 24.666614532470703, 15.880226135253906, 18.732309341430664, 25.952556610107422, 15.101202964782715, 18.200782775878906]
153	https://fr.wikipedia.org/wiki/Domantas_Sabonis	Domantas Sabonis	https://es.wikipedia.org/wiki/Domantas_Sabonis	¿Cuántas veces ha sido seleccionado Domantas Sabonis, hijo de Arvydas Sabonis, para el All-Star Game de la NBA?	Qwen/Qwen2-7B-Instruct	spanish-Qwen2-7B-Instruct.k50_p0.95_t0.2-extra.jsonl	ES	Hasta la fecha de mi última actualización en octubre de 2021, Domantas Sabonis ha sido seleccionado para el All-Star Game de la NBA una vez, en 2021. Por favor, verifica las últimas estadísticas o noticias para información más reciente.	['H', 'asta', 'Ġla', 'Ġfecha', 'Ġde', 'Ġmi', 'ĠÃºltima', 'Ġactual', 'izaciÃ³n', 'Ġen', 'Ġoct', 'ubre', 'Ġde', 'Ġ', '2', '0', '2', '1', ',', 'ĠDom', 'antas', 'ĠSab', 'onis', 'Ġha', 'Ġsido', 'Ġseleccion', 'ado', 'Ġpara', 'Ġel', 'ĠAll', '-Star', 'ĠGame', 'Ġde', 'Ġla', 'ĠNBA', 'Ġuna', 'Ġvez', ',', 'Ġen', 'Ġ', '2', '0', '2', '1', '.', 'ĠPor', 'Ġfavor', ',', 'Ġverifica', 'Ġlas', 'ĠÃºlt', 'imas', 'Ġestad', 'ÃŃsticas', 'Ġo', 'Ġnoticias', 'Ġpara', 'ĠinformaciÃ³n', 'ĠmÃ¡s', 'Ġrec', 'iente', '.', '<|im_end|>']	[20.660011291503906, 27.072290420532227, 18.824657440185547, 20.17937469482422, 21.28730010986328, 16.74711036682129, 22.34354019165039, 23.61792755126953, 35.53462600708008, 23.310489654541016, 22.214691162109375, 33.03083419799805, 28.738561630249023, 31.874900817871094, 35.0252571105957, 32.20668029785156, 31.193973541259766, 30.276336669921875, 29.203004837036133, 20.618486404418945, 26.526737213134766, 27.805540084838867, 31.101301193237305, 20.60615348815918, 23.527935028076172, 23.268999099731445, 32.314579010009766, 20.01412010192871, 23.83209800720215, 20.189937591552734, 33.66897201538086, 24.655820846557617, 24.628616333007812, 27.716655731201172, 25.721223831176758, 21.450183868408203, 26.008193969726562, 26.082592010498047, 20.578022003173828, 22.694290161132812, 28.638280868530273, 27.744186401367188, 31.162017822265625, 24.695390701293945, 25.2293701171875, 17.231788635253906, 22.623159408569336, 20.829570770263672, 17.464284896850586, 19.972042083740234, 19.1934757232666, 33.593299865722656, 18.683578491210938, 34.28264617919922, 18.615110397338867, 19.114221572875977, 18.947669982910156, 18.288299560546875, 20.512086868286133, 23.460487365722656, 32.519596099853516, 24.40043830871582, 22.945087432861328]
190	https://fr.wikipedia.org/wiki/Ligne_8_du_m%C3%A9tro_de_Paris	Ligne 8 du métro de Paris	https://es.wikipedia.org/wiki/L%C3%ADnea_8_del_Metro_de_Par%C3%ADs	¿Qué líneas de metro puedo tomar desde la estación de République en París?	Iker/Llama-3-Instruct-Neurona-8b-v2	spanish-Llama-3-Instruct-Neurona-8b-v2.k75_p0.95_t0.1-extra.jsonl	ES	"Desde la estación de République en París, puedes tomar las siguientes líneas de metro:

- Línea 2 (rojo)
- Línea 5 (azul)
- Línea 8 (verde)
- Línea 9 (amarillo)
- Línea 11 (naranja)
- Línea 12 (verde)

Estas líneas te proporcionarán varias opciones para llegar a tu destino deseado dentro de la ciudad."	['Desde', 'Ġla', 'Ġest', 'aciÃ³n', 'Ġde', 'ĠRÃ©', 'pub', 'lique', 'Ġen', 'ĠPar', 'ÃŃs', ',', 'Ġpuedes', 'Ġtomar', 'Ġlas', 'Ġsiguientes', 'ĠlÃŃ', 'neas', 'Ġde', 'Ġmetro', ':ĊĊ', '-', 'ĠL', 'ÃŃ', 'nea', 'Ġ', '2', 'Ġ(', 'ro', 'jo', ')Ċ', '-', 'ĠL', 'ÃŃ', 'nea', 'Ġ', '5', 'Ġ(', 'az', 'ul', ')Ċ', '-', 'ĠL', 'ÃŃ', 'nea', 'Ġ', '8', 'Ġ(', 'ver', 'de', ')Ċ', '-', 'ĠL', 'ÃŃ', 'nea', 'Ġ', '9', 'Ġ(', 'amar', 'illo', ')Ċ', '-', 'ĠL', 'ÃŃ', 'nea', 'Ġ', '11', 'Ġ(', 'n', 'aran', 'ja', ')Ċ', '-', 'ĠL', 'ÃŃ', 'nea', 'Ġ', '12', 'Ġ(', 'ver', 'de', ')ĊĊ', 'Est', 'as', 'ĠlÃŃ', 'neas', 'Ġte', 'Ġproporcion', 'ar', 'Ã¡n', 'Ġvarias', 'Ġopciones', 'Ġpara', 'Ġllegar', 'Ġa', 'Ġtu', 'Ġdestino', 'Ġdese', 'ado', 'Ġdentro', 'Ġde', 'Ġla', 'Ġciudad', '.', '<|eot_id|>']	[21.195646286010742, 24.216094970703125, 23.969676971435547, 30.65643310546875, 24.07448959350586, 21.09953498840332, 30.83871078491211, 36.26913070678711, 25.032804489135742, 27.31683349609375, 31.157108306884766, 24.23280143737793, 23.71007537841797, 24.409423828125, 21.7093563079834, 23.76274871826172, 25.297258377075195, 31.928495407104492, 24.63096046447754, 24.945905685424805, 23.398000717163086, 20.971420288085938, 23.467304229736328, 29.955860137939453, 27.49784278869629, 24.154050827026367, 25.40265655517578, 20.2896728515625, 18.514976501464844, 23.31332015991211, 22.513444900512695, 26.68980598449707, 28.04952049255371, 32.47677993774414, 34.237125396728516, 24.89972496032715, 25.138538360595703, 26.83308982849121, 19.84694480895996, 36.19786071777344, 21.998958587646484, 28.252103805541992, 27.48711585998535, 33.524742126464844, 36.36069107055664, 25.13075065612793, 22.838176727294922, 25.981826782226562, 24.64110565185547, 29.903331756591797, 24.414134979248047, 27.631488800048828, 26.73657989501953, 31.481969833374023, 33.39585876464844, 25.412324905395508, 29.968341827392578, 27.03672218322754, 21.45443344116211, 28.31350326538086, 23.24064826965332, 26.794864654541016, 26.38442611694336, 30.774303436279297, 32.21208953857422, 24.6187801361084, 22.857479095458984, 25.550662994384766, 21.110370635986328, 31.018390655517578, 30.269514083862305, 23.290943145751953, 26.354581832885742, 25.878219604492188, 30.91838836669922, 32.582550048828125, 25.067243576049805, 24.011722564697266, 25.199995040893555, 19.65987205505371, 24.3131160736084, 20.699769973754883, 22.25971031188965, 27.655994415283203, 25.94487190246582, 37.01232147216797, 19.494930267333984, 21.826038360595703, 31.107070922851562, 28.865619659423828, 21.271072387695312, 25.100698471069336, 24.780366897583008, 20.48206901550293, 26.27739715576172, 21.766143798828125, 26.511703491210938, 21.22538185119629, 34.785892486572266, 23.791200637817383, 27.871938705444336, 25.801937103271484, 24.650909423828125, 23.573589324951172, 21.938278198242188]
225	https://zh.wikipedia.org/wiki/%E7%8E%89%E6%A0%91%E5%B8%82	玉树市	https://es.wikipedia.org/wiki/Yushu	¿A qué altura se localiza el municipio de Yushu, en Qinghai, China?	Qwen/Qwen2-7B-Instruct	spanish-Qwen2-7B-Instruct.default-extra.jsonl	ES	El municipio de Yushu, ubicado en la provincia de Qinghai, China, está situado a una altitud promedio de alrededor de 4,200 metros sobre el nivel del mar. Es uno de los lugares más altos del mundo con desarrollo urbano.	['El', 'Ġmunicip', 'io', 'Ġde', 'ĠY', 'ush', 'u', ',', 'Ġubic', 'ado', 'Ġen', 'Ġla', 'Ġprovincia', 'Ġde', 'ĠQing', 'hai', ',', 'ĠChina', ',', 'ĠestÃ¡', 'Ġsitu', 'ado', 'Ġa', 'Ġuna', 'Ġalt', 'itud', 'Ġprom', 'edio', 'Ġde', 'Ġal', 'red', 'edor', 'Ġde', 'Ġ', '4', ',', '2', '0', '0', 'Ġmetros', 'Ġsobre', 'Ġel', 'Ġnivel', 'Ġdel', 'Ġmar', '.', 'ĠEs', 'Ġuno', 'Ġde', 'Ġlos', 'Ġlugares', 'ĠmÃ¡s', 'Ġalt', 'os', 'Ġdel', 'Ġmundo', 'Ġcon', 'Ġdesarrollo', 'Ġurb', 'ano', '.', '<|im_end|>']	[27.952253341674805, 21.211231231689453, 33.899986267089844, 21.721961975097656, 27.68450355529785, 27.738197326660156, 30.850759506225586, 22.544836044311523, 21.33985137939453, 39.643245697021484, 28.62483024597168, 23.781415939331055, 22.1254825592041, 27.713592529296875, 27.11037826538086, 28.519044876098633, 26.46861457824707, 22.148601531982422, 29.930368423461914, 20.19862174987793, 16.639368057250977, 39.089698791503906, 21.123550415039062, 20.811338424682617, 21.468873977661133, 27.7530517578125, 21.187070846557617, 29.88405990600586, 22.66166877746582, 23.482051849365234, 26.553916931152344, 32.03322219848633, 27.643396377563477, 29.856515884399414, 31.58407974243164, 26.884248733520508, 34.67147445678711, 28.954240798950195, 35.775062561035156, 24.1037654876709, 22.655170440673828, 28.551836013793945, 29.40149688720703, 31.673213958740234, 29.398475646972656, 31.40152931213379, 19.05261993408203, 19.1552734375, 29.626550674438477, 26.777528762817383, 20.62114715576172, 22.073143005371094, 24.717679977416992, 29.954771041870117, 23.702199935913086, 23.033483505249023, 18.25333595275879, 16.561153411865234, 18.17750358581543, 34.29338455200195, 17.390438079833984, 21.74192237854004]
217	https://zh.wikipedia.org/wiki/%E9%98%BF%E6%96%AF%E9%A1%BF%C2%B7%E9%A9%AC%E4%B8%81V12_Vanquish	阿斯顿·马丁V12 Vanquish	https://es.wikipedia.org/wiki/Aston_Martin_Vanquish	¿En qué años se produjo la primera generación del Aston Martin Vanquish?	Qwen/Qwen2-7B-Instruct	spanish-Qwen2-7B-Instruct.default-extra.jsonl	ES	La primera generación del Aston Martin Vanquish se produjo entre los años 1997 y 2002.	['La', 'Ġprimera', 'Ġgener', 'aciÃ³n', 'Ġdel', 'ĠAston', 'ĠMartin', 'ĠVan', 'qu', 'ish', 'Ġse', 'Ġprodu', 'jo', 'Ġentre', 'Ġlos', 'ĠaÃ±os', 'Ġ', '1', '9', '9', '7', 'Ġy', 'Ġ', '2', '0', '0', '2', '.', '<|im_end|>']	[27.955055236816406, 24.738195419311523, 25.879117965698242, 33.8711051940918, 28.094865798950195, 24.064725875854492, 31.313188552856445, 25.541057586669922, 30.6890926361084, 36.639949798583984, 21.30195426940918, 23.85480308532715, 31.65256118774414, 23.045007705688477, 27.263782501220703, 28.58209800720215, 31.66550064086914, 27.456796646118164, 32.28322219848633, 35.85014343261719, 32.34914016723633, 30.618967056274414, 29.90464210510254, 35.74706268310547, 29.525663375854492, 37.81034469604492, 32.26261901855469, 29.574493408203125, 23.124103546142578]
0	https://en.wikipedia.org/wiki/David_F._Sandberg	David F. Sandberg	https://es.wikipedia.org/wiki/David_F._Sandberg	¿Qué hacía David F. Sandberg antes de ser famoso y cómo llegó a la fama?	meta-llama/Meta-Llama-3-8B-Instruct	spanish-Meta-Llama-3-8B-Instruct.k50_p0.90_t0.1-extra.jsonl	ES	"David F. Sandberg es un director y productor de cine sueco-estadounidense, nacido el 3 de mayo de 1981 en Örebro, Suecia. Antes de ser famoso, Sandberg trabajó en varios proyectos y pasó por diferentes etapas en su carrera. Aquí te presento una breve reseña de su trayectoria:

**Inicios en la animación**

Sandberg comenzó su carrera en la industria del entretenimiento trabajando en la animación. En su juventud, creó cortometrajes y series de animación en 2D y 3D, y también trabajó como ilustrador y animador en una empresa de animación en Suecia.

**Cortometrajes y web series**

En 2006, Sandberg creó su primer cortometraje, ""Ligg i soppan"" (Duerme en la sopa), que se convirtió en un éxito en el festival de cine sueco. Posteriormente, creó varias web series, como ""Penny Dreadfuls Scream and Scary Tales"" y ""Lights Out"", que se convirtieron en populares en Internet.

**Lights Out (2013)**

En 2013, Sandberg creó la web series ""Lights Out"", que se centraba en una niña que lucha contra un espíritu malvado que la persigue. La serie se convirtió en un éxito viral y atrajo la atención de la industria cinematográfica. La web series fue posteriormente adaptada en un largometraje, dirigido por Sandberg y estrenado en 2016.

**Annapurna Pictures y Warner Bros.**

Después del éxito de ""Lights Out"", Sandberg firmó un contrato con Annapurna Pictures y Warner Bros. para desarrollar proyectos de cine. En 2016, estrenó ""Lights Out"", que recibió críticas positivas y recaudó más de $67 millones en taquilla.

**Annabelle: Creation (2017)**

En 2017, Sandberg dirigió ""Annabelle: Creation"", un spin-off de la franquicia ""The Conjuring"". El filme fue un éxito comercial y crítico, y se convirtió en el segundo filme más taquillero de la franquicia.

**Shazam! ("	"['David', 'ĠF', '.', 'ĠSand', 'berg', 'Ġes', 'Ġun', 'Ġdirector', 'Ġy', 'Ġproduct', 'or', 'Ġde', 'Ġcine', 'Ġsue', 'co', '-', 'est', 'ad', 'oun', 'id', 'ense', ',', 'Ġn', 'ac', 'ido', 'Ġel', 'Ġ', '3', 'Ġde', 'Ġmayo', 'Ġde', 'Ġ', '198', '1', 'Ġen', 'ĠÃĸ', 're', 'bro', ',', 'ĠSue', 'cia', '.', 'ĠAnt', 'es', 'Ġde', 'Ġser', 'Ġfam', 'oso', ',', 'ĠSand', 'berg', 'Ġtrabaj', 'Ã³', 'Ġen', 'Ġvarios', 'Ġproyectos', 'Ġy', 'Ġpas', 'Ã³', 'Ġpor', 'Ġdiferentes', 'Ġet', 'apas', 'Ġen', 'Ġsu', 'Ġcarrera', '.', 'ĠAqu', 'ÃŃ', 'Ġte', 'Ġpresent', 'o', 'Ġuna', 'Ġbreve', 'Ġre', 'se', 'Ã±a', 'Ġde', 'Ġsu', 'Ġtray', 'ector', 'ia', ':ĊĊ', '**', 'In', 'icios', 'Ġen', 'Ġla', 'Ġanim', 'aciÃ³n', '**ĊĊ', 'Sand', 'berg', 'Ġcomenz', 'Ã³', 'Ġsu', 'Ġcarrera', 'Ġen', 'Ġla', 'Ġindust', 'ria', 'Ġdel', 'Ġentre', 'ten', 'imiento', 'Ġtrabaj', 'ando', 'Ġen', 'Ġla', 'Ġanim', 'aciÃ³n', '.', 'ĠEn', 'Ġsu', 'Ġju', 'vent', 'ud', ',', 'Ġcre', 'Ã³', 'Ġcort', 'omet', 'ra', 'jes', 'Ġy', 'Ġseries', 'Ġde', 'Ġanim', 'aciÃ³n', 'Ġen', 'Ġ', '2', 'D', 'Ġy', 'Ġ', '3', 'D', ',', 'Ġy', 'ĠtambiÃ©n', 'Ġtrabaj', 'Ã³', 'Ġcomo', 'Ġil', 'ustr', 'ador', 'Ġy', 'Ġanim', 'ador', 'Ġen', 'Ġuna', 'Ġempresa', 'Ġde', 'Ġanim', 'aciÃ³n', 'Ġen', 'ĠSue', 'cia', '.ĊĊ', '**', 'C', 'ort', 'omet', 'ra', 'jes', 'Ġy', 'Ġweb', 'Ġseries', '**ĊĊ', 'En', 'Ġ', '200', '6', ',', 'ĠSand', 'berg', 'Ġcre', 'Ã³', 'Ġsu', 'Ġprimer', 'Ġcort', 'omet', 'ra', 'je', ',', 'Ġ""', 'L', 'igg', 'Ġi', 'Ġsop', 'pan', '""', 'Ġ(', 'D', 'uer', 'me', 'Ġen', 'Ġla', 'Ġs', 'opa', '),', 'Ġque', 'Ġse', 'Ġconv', 'irt', 'iÃ³', 'Ġen', 'Ġun', 'ĠÃ©xito', 'Ġen', 'Ġel', 'Ġfestival', 'Ġde', 'Ġcine', 'Ġsue', 'co', '.', 'ĠPost', 'erior', 'mente', ',', 'Ġcre', 'Ã³', 'Ġvarias', 'Ġweb', 'Ġseries', ',', 'Ġcomo', 'Ġ""', 'P', 'enny', 'ĠDread', 'ful', 's', 'ĠS', 'cream', 'Ġand', 'ĠSc', 'ary', 'ĠTales', '""', 'Ġy', 'Ġ""', 'Lights', 'ĠOut', '"",', 'Ġque', 'Ġse', 'Ġconv', 'irt', 'ieron', 'Ġen', 'Ġpopul', 'ares', 'Ġen', 'ĠInternet', '.ĊĊ', '**', 'Lights', 'ĠOut', 'Ġ(', '201', '3', ')**', 'ĊĊ', 'En', 'Ġ', '201', '3', ',', 'ĠSand', 'berg', 'Ġcre', 'Ã³', 'Ġla', 'Ġweb', 'Ġseries', 'Ġ""', 'Lights', 'ĠOut', '"",', 'Ġque', 'Ġse', 'Ġcentr', 'aba', 'Ġen', 'Ġuna', 'Ġni', 'Ã±a', 'Ġque', 'Ġl', 'ucha', 'Ġcontra', 'Ġun', 'Ġesp', 'ÃŃ', 'rit', 'u', 'Ġmal', 'v', 'ado', 'Ġque', 'Ġla', 'Ġpers', 'igue', '.', 'ĠLa', 'Ġserie', 'Ġse', 'Ġconv', 'irt', 'iÃ³', 'Ġen', 'Ġun', 'ĠÃ©xito', 'Ġviral', 'Ġy', 'Ġatr', 'ajo', 'Ġla', 'ĠatenciÃ³n', 'Ġde', 'Ġla', 'Ġindust', 'ria', 'Ġcinemat', 'ogrÃ¡f', 'ica', '.', 'ĠLa', 'Ġweb', 'Ġseries', 'Ġfue', 'Ġposterior', 'mente', 'Ġadapt', 'ada', 'Ġen', 'Ġun', 'Ġlarg', 'omet', 'ra', 'je', ',', 'Ġdirig', 'ido', 'Ġpor', 'ĠSand', 'berg', 'Ġy', 'Ġest', 'ren', 'ado', 'Ġen', 'Ġ', '201', '6', '.ĊĊ', '**', 'An', 'nap', 'urn', 'a', 'ĠPictures', 'Ġy', 'ĠWarner', 'ĠBros', '.', '**ĊĊ', 'Des', 'puÃ©s', 'Ġdel', 'ĠÃ©xito', 'Ġde', 'Ġ""', 'Lights', 'ĠOut', '"",', 'ĠSand', 'berg', 'Ġfirm', 'Ã³', 'Ġun', 'Ġcontrato', 'Ġcon', 'ĠAn', 'nap', 'urn', 'a', 'ĠPictures', 'Ġy', 'ĠWarner', 'ĠBros', '.', 'Ġpara', 'Ġdesarroll', 'ar', 'Ġproyectos', 'Ġde', 'Ġcine', '.', 'ĠEn', 'Ġ', '201', '6', ',', 'Ġest', 'ren', 'Ã³', 'Ġ""', 'Lights', 'ĠOut', '"",', 'Ġque', 'Ġrecib', 'iÃ³', 'Ġcr', 'ÃŃt', 'icas', 'Ġposit', 'ivas', 'Ġy', 'Ġre', 'ca', 'ud', 'Ã³', 'ĠmÃ¡s', 'Ġde', 'Ġ$', '67', 'Ġmillones', 'Ġen', 'Ġta', 'qu', 'illa', '.ĊĊ', '**', 'Ann', 'abelle', ':', 'ĠCreation', 'Ġ(', '201', '7', ')**', 'ĊĊ', 'En', 'Ġ', '201', '7', ',', 'ĠSand', 'berg', 'Ġdir', 'igi', 'Ã³', 'Ġ""', 'Ann', 'abelle', ':', 'ĠCreation', '"",', 'Ġun', 'Ġspin', '-off', 'Ġde', 'Ġla', 'Ġfran', 'qu', 'icia', 'Ġ""', 'The', 'ĠConj', 'uring', '"".', 'ĠEl', 'Ġfilme', 'Ġfue', 'Ġun', 'ĠÃ©xito', 'Ġcomercial', 'Ġy', 'Ġcr', 'ÃŃt', 'ico', ',', 'Ġy', 'Ġse', 'Ġconv', 'irt', 'iÃ³', 'Ġen', 'Ġel', 'Ġsegundo', 'Ġfilme', 'ĠmÃ¡s', 'Ġta', 'qu', 'ill', 'ero', 'Ġde', 'Ġla', 'Ġfran', 'qu', 'icia', '.ĊĊ', '**', 'Sh', 'az', 'am', '!', 'Ġ(']"	[25.45459747314453, 28.511558532714844, 29.18576431274414, 30.483192443847656, 36.47578430175781, 23.208505630493164, 26.166141510009766, 22.378881454467773, 23.831283569335938, 18.743059158325195, 31.318035125732422, 21.526674270629883, 21.081308364868164, 19.963895797729492, 30.021039962768555, 19.639034271240234, 23.998207092285156, 28.261089324951172, 32.306724548339844, 33.27054977416992, 34.0076789855957, 22.55773162841797, 18.857484817504883, 28.453079223632812, 35.58648681640625, 27.35661506652832, 31.480073928833008, 23.12122917175293, 31.802196502685547, 18.235689163208008, 33.02492904663086, 29.33504295349121, 26.718950271606445, 24.180625915527344, 30.487682342529297, 15.078309059143066, 20.67162322998047, 21.798965454101562, 31.33413314819336, 26.091276168823242, 31.708019256591797, 31.22870635986328, 21.808696746826172, 32.22603225708008, 30.954315185546875, 18.19608497619629, 24.108034133911133, 34.966064453125, 24.98423957824707, 22.133543014526367, 37.1536865234375, 18.59977912902832, 33.764949798583984, 21.136869430541992, 18.92700958251953, 19.717191696166992, 18.27906036376953, 15.139638900756836, 23.429264068603516, 21.56812858581543, 20.778093338012695, 20.58588409423828, 29.558883666992188, 21.336149215698242, 25.554567337036133, 23.51752281188965, 18.99559783935547, 21.51136016845703, 28.00994300842285, 22.303077697753906, 21.067188262939453, 33.11903762817383, 20.379817962646484, 19.81528091430664, 19.601163864135742, 21.785402297973633, 26.925765991210938, 26.059844970703125, 25.348363876342773, 18.802427291870117, 29.017173767089844, 34.705833435058594, 21.592552185058594, 21.036964416503906, 19.41119384765625, 27.23466682434082, 20.63702392578125, 21.89583396911621, 17.0162296295166, 28.90036964416504, 21.77663803100586, 24.668678283691406, 36.933448791503906, 20.79155921936035, 37.22394561767578, 20.85858154296875, 22.867795944213867, 21.784000396728516, 24.515056610107422, 21.183334350585938, 31.7879638671875, 21.817445755004883, 21.08695411682129, 28.752334594726562, 29.055994033813477, 18.63932991027832, 36.64452362060547, 25.727401733398438, 18.407203674316406, 18.920608520507812, 31.32840919494629, 20.335002899169922, 18.495105743408203, 20.23282241821289, 18.032283782958984, 25.840076446533203, 29.014934539794922, 25.70942497253418, 19.846952438354492, 29.710689544677734, 16.781997680664062, 27.692163467407227, 32.08036804199219, 31.986391067504883, 20.699914932250977, 16.22962188720703, 21.827980041503906, 18.83163070678711, 29.54591941833496, 17.70577049255371, 16.913692474365234, 26.427900314331055, 27.159400939941406, 23.782207489013672, 23.219505310058594, 30.76463508605957, 30.85242462158203, 21.748777389526367, 17.865066528320312, 17.31268882751465, 18.438228607177734, 33.897544860839844, 24.835561752319336, 17.95148277282715, 26.219711303710938, 34.61057662963867, 22.001535415649414, 17.94708251953125, 30.463455200195312, 21.121686935424805, 17.12137794494629, 19.312490463256836, 21.483896255493164, 17.682695388793945, 29.819820404052734, 20.042449951171875, 21.5418701171875, 27.862667083740234, 30.233652114868164, 31.99456787109375, 16.095844268798828, 19.67472267150879, 28.531301498413086, 34.872230529785156, 34.21044158935547, 22.398962020874023, 15.39383316040039, 22.464427947998047, 26.03594398498535, 23.959047317504883, 21.232006072998047, 27.270339965820312, 25.011577606201172, 27.81720733642578, 23.103076934814453, 37.06378173828125, 20.51483154296875, 32.33869934082031, 25.4741153717041, 21.463407516479492, 24.04650115966797, 33.32832336425781, 36.4976921081543, 30.634349822998047, 20.706254959106445, 23.01171875, 16.056095123291016, 13.50839900970459, 13.081912994384766, 15.077848434448242, 16.059282302856445, 23.07591438293457, 27.51473617553711, 17.373260498046875, 21.427257537841797, 19.3212833404541, 21.87078094482422, 21.433786392211914, 16.669633865356445, 26.098121643066406, 26.51305389404297, 22.09748649597168, 18.025468826293945, 19.69153594970703, 33.571449279785156, 34.693519592285156, 26.834148406982422, 23.47176170349121, 20.313142776489258, 19.936418533325195, 19.161638259887695, 21.340986251831055, 21.86036491394043, 20.145397186279297, 18.702543258666992, 29.965909957885742, 15.526378631591797, 18.726091384887695, 27.210472106933594, 30.780637741088867, 26.743289947509766, 21.096656799316406, 32.26078414916992, 20.5583553314209, 23.746450424194336, 30.743316650390625, 21.38532257080078, 23.26508903503418, 29.122465133666992, 15.99779224395752, 13.540200233459473, 18.186716079711914, 28.805694580078125, 20.69051170349121, 16.441143035888672, 16.10053253173828, 19.798473358154297, 21.00055694580078, 20.450586318969727, 14.503874778747559, 22.916316986083984, 27.049121856689453, 29.041175842285156, 15.174909591674805, 23.519004821777344, 23.76557159423828, 21.868236541748047, 16.526235580444336, 17.48750877380371, 32.49961471557617, 32.53235626220703, 27.223941802978516, 19.059541702270508, 30.985292434692383, 20.74205207824707, 19.997238159179688, 26.56698226928711, 31.015193939208984, 15.611193656921387, 29.503623962402344, 21.182573318481445, 20.575523376464844, 27.301250457763672, 26.74192237854004, 27.18485450744629, 22.53326988220215, 27.15995979309082, 33.11980056762695, 29.305679321289062, 30.100940704345703, 20.73993682861328, 32.5577392578125, 19.556835174560547, 32.525840759277344, 24.27461814880371, 21.09969139099121, 25.479145050048828, 24.148828506469727, 32.07289505004883, 33.6537971496582, 29.6009578704834, 22.350889205932617, 19.547245025634766, 18.913564682006836, 34.67392349243164, 29.436222076416016, 20.85116195678711, 15.821900367736816, 28.85126304626465, 19.585336685180664, 16.725133895874023, 27.86610221862793, 25.262144088745117, 19.826669692993164, 17.64319610595703, 23.721397399902344, 32.88193130493164, 30.862815856933594, 18.773880004882812, 21.56637191772461, 26.330717086791992, 22.00791358947754, 16.4539737701416, 19.979061126708984, 27.168851852416992, 21.166357040405273, 27.747831344604492, 24.885059356689453, 20.488069534301758, 19.591154098510742, 32.649044036865234, 35.65914535522461, 26.40317153930664, 23.00772476196289, 20.317359924316406, 18.354677200317383, 26.017868041992188, 18.7822265625, 28.049789428710938, 24.364437103271484, 25.83245086669922, 28.125972747802734, 17.149478912353516, 17.678203582763672, 32.5285758972168, 22.86193084716797, 29.43069076538086, 37.92169952392578, 25.33998680114746, 17.548526763916016, 16.505327224731445, 27.251140594482422, 19.74524688720703, 15.740439414978027, 28.160648345947266, 19.290193557739258, 35.64558410644531, 22.91074562072754, 23.113113403320312, 20.20382308959961, 29.45407485961914, 33.14253234863281, 33.19803237915039, 18.90777587890625, 18.48725700378418, 32.3626823425293, 24.23487663269043, 21.042139053344727, 35.077415466308594, 23.791065216064453, 19.609657287597656, 25.68218994140625, 32.911338806152344, 26.898588180541992, 23.112899780273438, 30.010910034179688, 36.189754486083984, 24.638900756835938, 31.530040740966797, 16.263031005859375, 15.71119213104248, 27.857248306274414, 34.19240188598633, 22.583717346191406, 26.27549171447754, 15.919225692749023, 28.656578063964844, 25.2463436126709, 22.290475845336914, 22.924283981323242, 29.498868942260742, 30.897666931152344, 24.540969848632812, 26.810836791992188, 29.125511169433594, 32.84700393676758, 35.234275817871094, 33.65721893310547, 25.49822425842285, 35.857383728027344, 20.486669540405273, 34.02854919433594, 25.970693588256836, 23.330663681030273, 25.651636123657227, 27.614744186401367, 33.10668182373047, 35.84455108642578, 34.7262077331543, 31.952016830444336, 27.048450469970703, 24.357868194580078, 33.58072280883789, 28.36776351928711, 20.457853317260742, 21.02014923095703, 37.056610107421875, 19.875646591186523, 19.311351776123047, 18.32551383972168, 21.548070907592773, 20.55621910095215, 23.298734664916992, 29.54059600830078, 26.583402633666992, 28.514013290405273, 19.419002532958984, 30.878589630126953, 35.54335021972656, 23.525609970092773, 22.774656295776367, 33.707157135009766, 29.771493911743164, 20.950828552246094, 18.31764793395996, 37.03282165527344, 20.565649032592773, 29.268918991088867, 30.339691162109375, 20.64311981201172, 37.13774490356445, 26.636037826538086, 18.697975158691406, 25.99521827697754, 30.108617782592773, 31.72926902770996, 21.010807037353516, 27.48054313659668, 25.75770378112793, 18.66473960876465, 27.455448150634766, 23.434511184692383, 19.162832260131836, 29.382892608642578, 31.240055084228516, 23.02764320373535, 28.76133918762207, 19.098102569580078, 26.4409122467041, 24.05820655822754, 23.210359573364258, 28.12250328063965, 31.133987426757812, 33.821983337402344, 29.841882705688477, 26.0833797454834, 24.009653091430664, 26.83905792236328, 31.61077308654785, 30.181764602661133, 32.540462493896484, 25.61615562438965, 35.71074295043945, 21.92414665222168, 29.841745376586914, 30.144502639770508, 25.73316192626953, 30.8762264251709, 33.013389587402344, 30.85843276977539, 29.71963882446289, 33.593414306640625, 20.86457633972168, 19.745834350585938, 30.65133285522461, 24.49351692199707, 24.165634155273438, 19.238431930541992, 27.320968627929688, 27.284528732299805, 20.728515625, 21.915790557861328, 32.71174621582031, 32.87860870361328, 27.379518508911133, 26.49997329711914, 21.131534576416016, 19.211719512939453, 21.603618621826172, 23.238468170166016, 21.03155517578125, 28.200653076171875, 19.257884979248047, 29.97810173034668, 31.588586807250977, 28.111072540283203, 19.747209548950195, 17.34064292907715, 21.5727481842041, 32.05380630493164, 35.31452560424805, 30.150259017944336, 24.895099639892578, 15.709507942199707, 16.65618896484375, 20.11121368408203, 19.81443977355957, 26.599924087524414, 28.215513229370117, 29.150991439819336, 22.6768741607666, 20.21727752685547, 17.48599624633789, 32.21296310424805, 32.06462478637695, 21.116487503051758, 29.82499885559082, 21.300949096679688, 26.41788101196289, 31.059978485107422, 28.997407913208008, 29.415180206298828]
