index	url-idx	Primary Wikipedia URL	title	URL-hi	question	model_id	output_text	output_tokens	output_logits
0	23	https://en.wikipedia.org/wiki/White_Collar_(TV_series)	White Collar (TV series)	https://hi.wikipedia.org/wiki/%E0%A4%B5%E0%A5%8D%E0%A4%B9%E0%A4%BE%E0%A4%87%E0%A4%9F_%E0%A4%95%E0%A5%89%E0%A4%B2%E0%A4%B0	वाइट कॉलर टीवी शृंख्ला में मुख़्य किरदार को जेल कैद क्यों होती है ?	nickmalhotra/ProjectIndus	सजायाफ्ता कैदियों को टेलीविज़न (टेलीविज़न) सीरीज़ 'जेल में बंद' के लिए वाइट कॉलर टीवी के रूप में पेश किया जाता है। वाइट कॉलर टेलीविज़न शृंखला में मुख़्य किरदार में पुलिस (पुलिस जे) द्वारा बन्दी बनाये जाने पर जेल से बचने के लिए उन्हें शारीरिक व मानसिक रूप से अक्षम दिखाया गया है। 'जेल में बंद' कहानी कहने का एक अनूठा माध्यम है, क्योंकि यह एक जेल में कैदी की स्थिति को दर्शाता है। जेल में कैदी के रूप में एक कैदी के जीवन के आसपास केंद्रित है। कैदी को जेल में किसी अपराध के लिए दोषी ठहराया गया है और वह अब अपनी सजा का काट रहा है। वाइट कॉलर टीवी सीरीज़ में एक जेल में कैदी की स्थिति को दर्शाया गया है, जिसमें एक कैदी का जीवन दिन-प्रति-दिन चलता रहता है और उसकी मानसिक, शारीरिक और भावनात्मक समस्याएं कैदी पर उनके अपने नियंत्रण से परे रहती हैं। कुल मिलाकर, वाइट कॉलर टीवी सीरीज़ में मुख्य पात्रों में से एक को जेल कैद के रूप में दर्शाया गया है, जो वास्तविकता के अनुरूप है। कैदी को जेल में कैद कर दिया गया है, जिसमें उसे जेल अधिकारियों, डॉक्टरों और समाज द्वारा निभाई गई एक भ्रष्ट और हिंसक भूमिका के लिए दोषी ठहराया गया है। यह जेल में कैद कहानी के सार का प्रतिबिंब है, और उस जेल जीवन का समाज और दुनिया के लिए एक संदेश प्रदान करता है।	"['स', 'जाया', 'फ्', 'ता', '▁कै', 'दिय', 'ों▁को▁', 'टेलीवि', 'ज़', 'न▁(', 'टेलीवि', 'ज़', 'न)', '▁सीरी', 'ज़▁', ""'"", 'जेल▁में▁', 'बंद', ""'"", '▁के▁लिए▁', 'वाइ', 'ट', '▁कॉ', 'लर▁', 'टीवी', '▁के▁रूप▁में▁', 'पेश', '▁किया▁जात', 'ा▁है।▁', 'वाइ', 'ट', '▁कॉ', 'लर▁', 'टेलीवि', 'ज़न▁', 'शृंख', 'ला▁में▁', 'मु', 'ख़', '्य', '▁किरदार▁में▁', 'पुलिस▁', '(', 'पुलिस▁', 'जे', ')▁द्वारा▁', 'बन्', 'दी▁', 'बनाये▁', 'जाने▁पर▁', 'जे', 'ल▁से▁', 'बचने▁के▁लिए▁', 'उन्हें▁', 'शारीरिक▁', 'व▁', 'मानसिक▁रूप▁से▁', 'अ', 'क्षम▁', 'दिखाया▁', 'गया▁है।\n', ""'"", 'जेल▁में▁', 'बंद', ""'"", '▁कहान', 'ी▁कह', 'ने▁का▁', 'एक▁', 'अनूठा▁', 'माध्यम▁', 'है,▁क्योंकि▁', 'यह▁एक▁', 'जेल▁', 'में▁कै', 'दी▁की▁', 'स्थिति', '▁को▁दर्शात', 'ा▁है।▁', 'जेल▁', 'में▁कै', 'दी', '▁के▁रूप▁में▁', 'एक', '▁कै', 'दी▁के▁', 'जीवन▁के▁', 'आसपास', '▁केंद्रित▁', 'है।', '▁कै', 'दी▁को▁', 'जेल▁', 'में▁किसी▁', 'अपराध', '▁के▁लिए▁', 'दोषी▁', 'ठहराया▁', 'गया▁है▁और▁', 'वह▁', 'अब▁', 'अपनी▁', 'सजा', '▁का', '▁काट▁', 'रहा▁है।▁', 'वाइ', 'ट', '▁कॉ', 'लर▁', 'टीवी▁', 'सीरी', 'ज़', '▁में▁एक▁', 'जेल▁', 'में▁कै', 'दी▁की▁', 'स्थिति▁को▁', 'दर्शाया▁', 'गया▁है,▁', 'जिसमें▁', 'एक', '▁कै', 'दी▁का▁', 'जीवन▁', 'दिन-प्रति', '-', 'दिन▁', 'चलता▁', 'रहता▁है▁और▁', 'उसकी▁', 'मानसिक', ',▁', 'शारीरिक▁और▁', 'भावनात्मक', '▁समस्या', 'एं', '▁कै', 'दी▁', 'पर▁', 'उनके▁', 'अपने▁', 'नियंत्रण', '▁से▁', 'परे▁', 'रह', 'ती▁हैं।\n', 'कुल▁', 'मिला', 'कर,▁', 'वाइ', 'ट', '▁कॉ', 'लर▁', 'टीवी▁', 'सीरी', 'ज़', '▁में▁', 'मुख्य', '▁पात्र', 'ों▁में▁से▁एक', '▁को▁', 'जेल', '▁कै', 'द', '▁के▁रूप▁में▁', 'दर्शाया▁', 'गया▁है,▁', 'जो▁', 'वास्तविक', 'ता', '▁के▁अनुरूप▁', 'है।', '▁कै', 'दी▁को▁', 'जेल▁', 'में▁कै', 'द', '▁कर▁दिया▁', 'गया▁है,▁', 'जिसमें▁', 'उसे▁', 'जेल▁', 'अधिकार', 'ियों,▁', 'डॉक्टर', 'ों▁और▁', 'समाज▁', 'द्वारा▁', 'नि', 'भाई▁', 'गई▁', 'एक▁', 'भ्रष्ट▁', 'और▁', 'हिंसक▁', 'भूमिका', '▁के▁लिए▁', 'दोषी▁', 'ठहराया▁', 'गया▁है।▁', 'यह▁', 'जेल▁', 'में▁कै', 'द', '▁कहानी', '▁के▁', 'सार', '▁का▁प्रति', 'बिं', 'ब▁', 'है,▁और▁', 'उस▁', 'जेल▁', 'जीवन▁का▁', 'समा', 'ज▁और▁', 'दुनिया', '▁के▁लिए▁', 'एक▁सं', 'देश', '▁प्रदान', '▁करता▁है।', '</s>']"	[7.344485282897949, 9.74445915222168, 20.50290298461914, 20.84796142578125, 18.209394454956055, 17.138084411621094, 18.690223693847656, 8.858220100402832, 17.61289405822754, 15.213631629943848, 10.551294326782227, 17.864112854003906, 18.58316421508789, 12.734875679016113, 16.124414443969727, 11.591259956359863, 7.697803020477295, 12.906625747680664, 14.883346557617188, 14.709692001342773, 11.721041679382324, 21.036911010742188, 21.178325653076172, 24.976970672607422, 12.630664825439453, 13.170816421508789, 9.99012279510498, 16.992996215820312, 19.212371826171875, 11.621709823608398, 20.966567993164062, 20.445363998413086, 25.638778686523438, 12.276594161987305, 18.861343383789062, 12.97095775604248, 17.019420623779297, 12.3199462890625, 22.23297691345215, 24.782777786254883, 14.844731330871582, 7.219759464263916, 11.262771606445312, 10.492794036865234, 10.107819557189941, 10.450091361999512, 7.844418525695801, 18.444631576538086, 11.205289840698242, 11.503111839294434, 10.132726669311523, 16.83995819091797, 10.010125160217285, 10.020349502563477, 7.735718727111816, 11.43960952758789, 18.57526206970215, 10.964089393615723, 16.45807647705078, 12.66032600402832, 15.273015022277832, 9.576887130737305, 14.432304382324219, 18.969484329223633, 16.970861434936523, 10.987460136413574, 17.179061889648438, 17.475635528564453, 16.064245223999023, 14.364465713500977, 12.994644165039062, 14.671466827392578, 13.412044525146484, 12.410975456237793, 14.443879127502441, 15.886013984680176, 12.907126426696777, 16.516815185546875, 19.85749626159668, 11.859888076782227, 15.783123016357422, 15.971004486083984, 15.471700668334961, 9.226907730102539, 15.89537525177002, 15.84453010559082, 10.95541000366211, 10.950102806091309, 17.48218536376953, 9.844836235046387, 16.53282928466797, 15.310016632080078, 11.829172134399414, 9.847172737121582, 12.410653114318848, 19.184181213378906, 14.803272247314453, 18.037918090820312, 17.046043395996094, 13.594636917114258, 9.75847053527832, 12.649604797363281, 15.941292762756348, 15.36917495727539, 15.327336311340332, 18.41071891784668, 9.52531623840332, 23.088985443115234, 22.46259117126465, 26.6267032623291, 15.450627326965332, 12.237783432006836, 20.238483428955078, 15.283064842224121, 12.985872268676758, 15.948720932006836, 19.695938110351562, 12.297710418701172, 14.348124504089355, 19.323598861694336, 16.326820373535156, 11.344464302062988, 18.85186767578125, 15.604351043701172, 13.305099487304688, 9.820645332336426, 15.99976634979248, 21.08258056640625, 9.69651985168457, 16.9630184173584, 12.536325454711914, 12.490900993347168, 18.542085647583008, 20.275259017944336, 17.666810989379883, 15.661614418029785, 17.384199142456055, 16.716535568237305, 15.581631660461426, 15.229593276977539, 10.17108154296875, 11.168109893798828, 12.9008150100708, 17.72414779663086, 17.505720138549805, 11.282783508300781, 17.826698303222656, 11.711445808410645, 22.938642501831055, 27.938453674316406, 15.757827758789062, 25.669288635253906, 24.35381317138672, 28.727394104003906, 18.166460037231445, 15.214884757995605, 20.885122299194336, 17.697969436645508, 13.054170608520508, 18.409061431884766, 12.795073509216309, 15.803810119628906, 14.439135551452637, 17.330249786376953, 18.74877166748047, 15.537050247192383, 13.428342819213867, 20.473209381103516, 17.931638717651367, 10.276081085205078, 16.11904525756836, 16.42197608947754, 11.720417022705078, 16.742387771606445, 16.795183181762695, 14.334388732910156, 15.569672584533691, 18.282024383544922, 14.992648124694824, 18.204099655151367, 13.572193145751953, 11.960615158081055, 11.562494277954102, 12.356550216674805, 19.807422637939453, 11.653599739074707, 22.94085121154785, 10.864537239074707, 18.39019012451172, 10.087299346923828, 16.257919311523438, 19.721248626708984, 13.138458251953125, 11.152421951293945, 16.664167404174805, 12.890426635742188, 13.978737831115723, 18.23770523071289, 14.971077919006348, 19.979719161987305, 20.14276695251465, 12.497740745544434, 10.835713386535645, 16.882482528686523, 18.411678314208984, 10.850638389587402, 16.168102264404297, 11.538047790527344, 17.86488914489746, 23.700124740600586, 32.369293212890625, 17.189359664916992, 9.149137496948242, 12.026840209960938, 9.554777145385742, 10.560382843017578, 20.15775489807129, 11.641745567321777, 16.408777236938477, 13.932609558105469, 20.354278564453125, 15.164202690124512, 19.448198318481445, 19.712642669677734]
1	34	https://en.wikipedia.org/wiki/Galicia_(Spain)	Galicia (Spain)	https://hi.wikipedia.org/wiki/%E0%A4%97%E0%A4%B2%E0%A4%BF%E0%A4%B6%E0%A4%BF%E0%A4%AF%E0%A4%BE_(%E0%A4%B8%E0%A5%8D%E0%A4%AA%E0%A5%87%E0%A4%A8)	गलिशिया यूरोप के किस देश का हिस्सा है ?	nickmalhotra/ProjectIndus	घलंडिया के पास स्वीडन, कोरिया और मेक्सिको के साथ भूमि विवाद है, जैसा कि २००८ में कोनकेड द्वारा प्रकाशित किया गया था।	['घ', 'ल', 'ंड', 'िया▁के▁', 'पास', '▁स्वी', 'ड', 'न', ',▁को', 'रिया▁', 'और▁', 'मे', 'क्स', 'िको', '▁के▁साथ▁', 'भूमि▁', 'विवाद▁', 'है,▁', 'जैसा▁कि▁', '२००', '८▁', 'में▁को', 'न', 'के', 'ड▁', 'द्वारा▁', 'प्रकाशित', '▁किया▁गया▁था।', '</s>']	[9.514888763427734, 12.290539741516113, 13.224756240844727, 12.483884811401367, 11.47946548461914, 11.687606811523438, 20.286354064941406, 18.613128662109375, 13.070252418518066, 14.125603675842285, 17.145471572875977, 11.10965347290039, 20.176830291748047, 23.348356246948242, 16.999740600585938, 9.961516380310059, 13.523704528808594, 12.508362770080566, 10.603639602661133, 8.473153114318848, 15.254528999328613, 13.741837501525879, 9.985612869262695, 8.126510620117188, 12.608457565307617, 9.966460227966309, 12.836177825927734, 16.44326400756836, 17.760101318359375]
2	36	https://zh.wikipedia.org/wiki/%E5%92%8C%E5%B9%B3%E5%8F%B7%E7%A9%BA%E9%97%B4%E7%AB%99	和平号空间站	https://hi.wikipedia.org/wiki/%E0%A4%AE%E0%A5%80%E0%A4%B0	मीर अंतरिक्ष स्टेशन का प्रक्षेपण  किस देश ने किया है ?	nickmalhotra/ProjectIndus	मीर अंतरिक्ष स्टेशन का प्रक्षेपण चीन ने किया है।	['मीर▁', 'अंतरिक्ष', '▁स्टेशन', '▁का▁प्र', 'क्षे', 'पण▁', 'चीन▁', 'ने▁क', 'िया▁है।', '</s>']	[13.562158584594727, 19.3110408782959, 21.62225341796875, 18.630029678344727, 22.787940979003906, 27.53289222717285, 11.385355949401855, 17.40774917602539, 20.881277084350586, 19.194080352783203]
3	37	https://zh.wikipedia.org/wiki/%E6%88%B4%E5%A4%AB%C2%B7%E5%BC%97%E8%98%AD%E7%A7%91	戴夫·弗蘭科	https://hi.wikipedia.org/wiki/%E0%A4%A1%E0%A5%87%E0%A4%B5_%E0%A4%AB%E0%A5%8D%E0%A4%B0%E0%A5%87%E0%A4%82%E0%A4%95%E0%A5%8B	डवे फ्रेंको अपने जीवनसाथी से मिलने के कितने समय बाद विवाह किया ?	sarvamai/OpenHathi-7B-Hi-v0.1-Base	डवे फ्रेंको अपने जीवनसाथी से मिलने के कितने समय बाद विवाह किया ? Answer: --- डव फ्रेंक ने 1998 में अपनी पत्नी से शादी की।	['Answer', ':', '<0x0A>', '---', '<0x0A>', 'ड', 'व', '▁फ्र', 'ें', 'क', '▁ने', '▁', '1', '9', '9', '8', '▁में', '▁अपनी', '▁पत्नी', '▁से', '▁शादी', '▁की', '।', '</s>']	[14.482001304626465, 21.498579025268555, 21.341672897338867, 23.96242904663086, 29.07455825805664, 15.438908576965332, 14.525633811950684, 17.483646392822266, 25.06956672668457, 15.893939971923828, 15.15600872039795, 14.459383964538574, 20.910701751708984, 19.254589080810547, 17.852279663085938, 16.62374496459961, 21.453853607177734, 13.953702926635742, 16.524457931518555, 14.825652122497559, 15.75379753112793, 20.252744674682617, 20.292579650878906, 18.205472946166992]
4	63	https://sv.wikipedia.org/wiki/F%C3%B6rlossning	Förlossning	https://hi.wikipedia.org/wiki/%E0%A4%B8%E0%A4%A8%E0%A5%8D%E0%A4%A4%E0%A4%BE%E0%A4%A8_%E0%A4%AA%E0%A5%8D%E0%A4%B0%E0%A4%B8%E0%A4%B5	सामान्य मानव जन्म में पूरे कितने चरण होते है ?	nickmalhotra/ProjectIndus	सामान्य मानव जन्म में पूरे एक चरण होते हैं ।	['सामान्य▁', 'मानव▁', 'जन्', 'म▁में▁', 'पूरे▁', 'एक▁', 'चरण▁', 'होते▁हैं▁', '।', '</s>']	[13.08178997039795, 18.69043731689453, 19.49616813659668, 24.795541763305664, 13.085554122924805, 13.934157371520996, 17.213863372802734, 14.963865280151367, 17.354482650756836, 18.098670959472656]
5	76	https://en.wikipedia.org/wiki/Antenna_(biology)	Antenna (biology)	https://hi.wikipedia.org/wiki/%E0%A4%B6%E0%A5%83%E0%A4%82%E0%A4%97%E0%A4%BF%E0%A4%95%E0%A4%BE	शृंगिका का उपयोग किन किन कार्यो के लिए होता है ?	nickmalhotra/ProjectIndus	शृंगिका का उपयोग मुख्य रूप से संगीत में किया जाता है। इसका उपयोग विभिन्न प्रकार के वाद्ययंत्रों जैसे ढोल, तबला, हारमोनियम, वायलिन, बांसुरी आदि के लिए किया जाता है। १. ढोलः ढोल एक वाद्य यंत्र है जिसका उपयोग विभिन्न प्रकार के वाद्ययंत्रों जैसे ढोल, तबला, हारमोनियम, वायलिन, बांसुरी आदि के लिए किया जाता है। २. तबलाः तबला एक वाद्य यंत्र है जिसका उपयोग विभिन्न प्रकार के वाद्ययंत्रों जैसे ढोल, तबला, हारमोनियम, वायलिन, बांसुरी आदि के लिए किया जाता है। ३. हारमोनियमः हारमोनियम एक वाद्य यंत्र है जिसका उपयोग विभिन्न प्रकार के वाद्ययंत्रों जैसे ढोल, तबला, हारमोनियम, वायलिन, बांसुरी आदि के लिए किया जाता है। ४. वायलिनः वायलिन एक वाद्य यंत्र है जिसका उपयोग विभिन्न प्रकार के वाद्ययंत्रों जैसे ढोल, तबला, हारमोनियम, वायलिन, बांसुरी आदि के लिए किया जाता है। ५. बांसुरी एक वाद्य यंत्र है जिसका उपयोग विभिन्न प्रकार के वाद्ययंत्रों जैसे ढोल, तबला, हारमोनियम, वायलिन, बांसुरी आदि के लिए किया जाता है। ६. हारमोनियमः हारमोनियम एक वाद्य यंत्र है जिसका उपयोग विभिन्न प्रकार के वाद्ययंत्रों जैसे ढोल, तबला, हारमोनियम, वायलिन, बांसुरी आदि के लिए किया जाता है। ७. हारमोनियमः हारमोनियम एक वाद्य यंत्र है जिसका उपयोग विभिन्न प्रकार के वाद्ययंत्रों जैसे ढोल, तबला, हारमोनियम, वायलिन, बांसुरी आदि के लिए किया जाता है। ८. हारमोनियमः हारमोनियम एक वाद्य यंत्र है जिसका उपयोग विभिन्न प्रकार के वाद्ययंत्रों जैसे ढोल, तबला, हारमोनियम, वायलिन, बांसुरी आदि के लिए किया जाता है। ९. हारमोनियमः हारमोनियम एक वाद्य यंत्र है जिसका उपयोग विभिन्न प्रकार के वाद्ययंत्रों जैसे ढोल, तबला, हारमोनियम, वायलिन, बांसुरी आदि के लिए किया जाता है। १०. हारमोनियमः हारमोनियम एक वाद्य यंत्र है जिसका उपयोग विभिन्न प्रकार के वाद्ययंत्रों जैसे ढोल, तबला, हारमोनियम, वायलिन, बांसुरी आदि के लिए किया जाता है। ११. हारमोनियमः हारमोनियम एक वाद्य यंत्र है जिसका उपयोग विभिन्न प्रकार के वाद्ययंत्रों जैसे ढोल, तबला, हारमोनियम, वायलिन, बांसुरी आदि के लिए किया जाता है। १२. हारमोनियमः हारमोनियम एक वाद्य यंत्र है जिसका उपयोग विभिन्न प्रकार के वाद्ययंत्रों जैसे ढोल, तबला, हारमोनियम, वायलिन, बांसुरी आदि के लिए किया जाता है। १३. हारमोनियमः हारमोनियम एक वाद्य यंत्र है जिसका उपयोग विभिन्न प्रकार के वाद्ययंत्रों जैसे ढोल, तबला, हारमोनियम, वायलिन, बांसुरी आदि के लिए किया जाता है। १४. हारमोनियमः हारमोनियम एक वाद्य यंत्र है जिसका उपयोग विभिन्न प्रकार के वाद्ययंत्रों जैसे 	['शृ', 'ंग', 'िका', '▁का▁उपयोग▁', 'मुख्य▁रूप▁से▁', 'संगीत▁', 'में▁किया▁जात', 'ा▁है।▁', 'इसका▁उपयोग▁', 'विभिन्न', '▁प्रकार▁के▁', 'वा', 'द्य', 'यंत्र', 'ों▁जैसे▁', 'ढो', 'ल,▁', 'तब', 'ला,▁', 'हार', 'मो', 'नियम,▁', 'वाय', 'लि', 'न,▁', 'बांस', 'ुरी▁', 'आदि', '▁के▁लिए', '▁किया▁जात', 'ा▁है।\n', '१.▁', 'ढो', 'ल', 'ः▁', 'ढो', 'ल▁', 'एक▁', 'वाद', '्य▁', 'यंत्र▁', 'है▁जिसका▁', 'उपयोग▁', 'विभिन्न', '▁प्रकार▁के▁', 'वा', 'द्य', 'यंत्र', 'ों▁जैसे▁', 'ढो', 'ल,▁', 'तब', 'ला,▁', 'हार', 'मो', 'नियम,▁', 'वाय', 'लि', 'न,▁', 'बांस', 'ुरी▁', 'आदि', '▁के▁लिए', '▁किया▁जात', 'ा▁है।\n', '२.▁', 'तब', 'ला', 'ः▁', 'तब', 'ला▁', 'एक▁', 'वाद', '्य▁', 'यंत्र▁', 'है▁जिसका▁', 'उपयोग▁', 'विभिन्न', '▁प्रकार▁के▁', 'वा', 'द्य', 'यंत्र', 'ों▁जैसे▁', 'ढो', 'ल,▁', 'तब', 'ला,▁', 'हार', 'मो', 'नियम,▁', 'वाय', 'लि', 'न,▁', 'बांस', 'ुरी▁', 'आदि', '▁के▁लिए', '▁किया▁जात', 'ा▁है।\n', '३.▁', 'हार', 'मो', 'नियम', 'ः▁', 'हार', 'मो', 'नियम▁', 'एक▁', 'वाद', '्य▁', 'यंत्र▁', 'है▁जिसका▁', 'उपयोग▁', 'विभिन्न', '▁प्रकार▁के▁', 'वा', 'द्य', 'यंत्र', 'ों▁जैसे▁', 'ढो', 'ल,▁', 'तब', 'ला,▁', 'हार', 'मो', 'नियम,▁', 'वाय', 'लि', 'न,▁', 'बांस', 'ुरी▁', 'आदि', '▁के▁लिए', '▁किया▁जात', 'ा▁है।\n', '४.▁', 'वाय', 'लिन', 'ः▁', 'वाय', 'लिन▁', 'एक▁', 'वाद', '्य▁', 'यंत्र▁', 'है▁जिसका▁', 'उपयोग▁', 'विभिन्न', '▁प्रकार▁के▁', 'वा', 'द्य', 'यंत्र', 'ों▁जैसे▁', 'ढो', 'ल,▁', 'तब', 'ला,▁', 'हार', 'मो', 'नियम,▁', 'वाय', 'लि', 'न,▁', 'बांस', 'ुरी▁', 'आदि', '▁के▁लिए', '▁किया▁जात', 'ा▁है।\n', '५.▁', 'बांस', 'ुरी▁', 'एक▁', 'वाद', '्य▁', 'यंत्र▁', 'है▁जिसका▁', 'उपयोग▁', 'विभिन्न', '▁प्रकार▁के▁', 'वा', 'द्य', 'यंत्र', 'ों▁जैसे▁', 'ढो', 'ल,▁', 'तब', 'ला,▁', 'हार', 'मो', 'नियम,▁', 'वाय', 'लि', 'न,▁', 'बांस', 'ुरी▁', 'आदि', '▁के▁लिए', '▁किया▁जात', 'ा▁है।\n', '६.▁', 'हार', 'मो', 'नियम', 'ः▁', 'हार', 'मो', 'नियम▁', 'एक▁', 'वाद', '्य▁', 'यंत्र▁', 'है▁जिसका▁', 'उपयोग▁', 'विभिन्न', '▁प्रकार▁के▁', 'वा', 'द्य', 'यंत्र', 'ों▁जैसे▁', 'ढो', 'ल,▁', 'तब', 'ला,▁', 'हार', 'मो', 'नियम,▁', 'वाय', 'लि', 'न,▁', 'बांस', 'ुरी▁', 'आदि', '▁के▁लिए', '▁किया▁जात', 'ा▁है।\n', '७.▁', 'हार', 'मो', 'नियम', 'ः▁', 'हार', 'मो', 'नियम▁', 'एक▁', 'वाद', '्य▁', 'यंत्र▁', 'है▁जिसका▁', 'उपयोग▁', 'विभिन्न', '▁प्रकार▁के▁', 'वा', 'द्य', 'यंत्र', 'ों▁जैसे▁', 'ढो', 'ल,▁', 'तब', 'ला,▁', 'हार', 'मो', 'नियम,▁', 'वाय', 'लि', 'न,▁', 'बांस', 'ुरी▁', 'आदि', '▁के▁लिए', '▁किया▁जात', 'ा▁है।\n', '८.▁', 'हार', 'मो', 'नियम', 'ः▁', 'हार', 'मो', 'नियम▁', 'एक▁', 'वाद', '्य▁', 'यंत्र▁', 'है▁जिसका▁', 'उपयोग▁', 'विभिन्न', '▁प्रकार▁के▁', 'वा', 'द्य', 'यंत्र', 'ों▁जैसे▁', 'ढो', 'ल,▁', 'तब', 'ला,▁', 'हार', 'मो', 'नियम,▁', 'वाय', 'लि', 'न,▁', 'बांस', 'ुरी▁', 'आदि', '▁के▁लिए', '▁किया▁जात', 'ा▁है।\n', '९.▁', 'हार', 'मो', 'नियम', 'ः▁', 'हार', 'मो', 'नियम▁', 'एक▁', 'वाद', '्य▁', 'यंत्र▁', 'है▁जिसका▁', 'उपयोग▁', 'विभिन्न', '▁प्रकार▁के▁', 'वा', 'द्य', 'यंत्र', 'ों▁जैसे▁', 'ढो', 'ल,▁', 'तब', 'ला,▁', 'हार', 'मो', 'नियम,▁', 'वाय', 'लि', 'न,▁', 'बांस', 'ुरी▁', 'आदि', '▁के▁लिए', '▁किया▁जात', 'ा▁है।\n', '१०.▁', 'हार', 'मो', 'नियम', 'ः▁', 'हार', 'मो', 'नियम▁', 'एक▁', 'वाद', '्य▁', 'यंत्र▁', 'है▁जिसका▁', 'उपयोग▁', 'विभिन्न', '▁प्रकार▁के▁', 'वा', 'द्य', 'यंत्र', 'ों▁जैसे▁', 'ढो', 'ल,▁', 'तब', 'ला,▁', 'हार', 'मो', 'नियम,▁', 'वाय', 'लि', 'न,▁', 'बांस', 'ुरी▁', 'आदि', '▁के▁लिए', '▁किया▁जात', 'ा▁है।\n', '११', '.▁', 'हार', 'मो', 'नियम', 'ः▁', 'हार', 'मो', 'नियम▁', 'एक▁', 'वाद', '्य▁', 'यंत्र▁', 'है▁जिसका▁', 'उपयोग▁', 'विभिन्न', '▁प्रकार▁के▁', 'वा', 'द्य', 'यंत्र', 'ों▁जैसे▁', 'ढो', 'ल,▁', 'तब', 'ला,▁', 'हार', 'मो', 'नियम,▁', 'वाय', 'लि', 'न,▁', 'बांस', 'ुरी▁', 'आदि', '▁के▁लिए', '▁किया▁जात', 'ा▁है।\n', '१२', '.▁', 'हार', 'मो', 'नियम', 'ः▁', 'हार', 'मो', 'नियम▁', 'एक▁', 'वाद', '्य▁', 'यंत्र▁', 'है▁जिसका▁', 'उपयोग▁', 'विभिन्न', '▁प्रकार▁के▁', 'वा', 'द्य', 'यंत्र', 'ों▁जैसे▁', 'ढो', 'ल,▁', 'तब', 'ला,▁', 'हार', 'मो', 'नियम,▁', 'वाय', 'लि', 'न,▁', 'बांस', 'ुरी▁', 'आदि', '▁के▁लिए', '▁किया▁जात', 'ा▁है।\n', '१३', '.▁', 'हार', 'मो', 'नियम', 'ः▁', 'हार', 'मो', 'नियम▁', 'एक▁', 'वाद', '्य▁', 'यंत्र▁', 'है▁जिसका▁', 'उपयोग▁', 'विभिन्न', '▁प्रकार▁के▁', 'वा', 'द्य', 'यंत्र', 'ों▁जैसे▁', 'ढो', 'ल,▁', 'तब', 'ला,▁', 'हार', 'मो', 'नियम,▁', 'वाय', 'लि', 'न,▁', 'बांस', 'ुरी▁', 'आदि', '▁के▁लिए', '▁किया▁जात', 'ा▁है।\n', '१४', '.▁', 'हार', 'मो', 'नियम', 'ः▁', 'हार', 'मो', 'नियम▁', 'एक▁', 'वाद', '्य▁', 'यंत्र▁', 'है▁जिसका▁', 'उपयोग▁', 'विभिन्न', '▁प्रकार▁के▁', 'वा', 'द्य', 'यंत्र', 'ों▁जैसे▁']	[15.58338737487793, 22.313932418823242, 21.552278518676758, 18.94807243347168, 12.239258766174316, 10.0802640914917, 14.821409225463867, 21.073619842529297, 13.32270622253418, 12.011492729187012, 18.725507736206055, 15.118927001953125, 25.082050323486328, 19.13653564453125, 17.735078811645508, 14.044958114624023, 22.266202926635742, 15.405875205993652, 21.509172439575195, 15.24167537689209, 22.83053207397461, 21.279451370239258, 14.34568977355957, 17.89352035522461, 23.87706756591797, 14.147269248962402, 22.951519012451172, 16.691865921020508, 16.91545295715332, 19.68407440185547, 22.065786361694336, 13.432540893554688, 11.088753700256348, 20.490446090698242, 16.729671478271484, 14.982474327087402, 21.429601669311523, 14.499406814575195, 14.59708023071289, 24.154205322265625, 19.93718910217285, 21.219879150390625, 20.02895736694336, 14.494367599487305, 21.352935791015625, 18.683626174926758, 24.62379264831543, 20.925018310546875, 20.931245803833008, 17.88359832763672, 24.554353713989258, 19.518192291259766, 29.080713272094727, 23.3636417388916, 29.569271087646484, 32.037105560302734, 24.52105140686035, 26.20547866821289, 28.436634063720703, 24.263736724853516, 27.573678970336914, 21.420944213867188, 22.634145736694336, 22.000690460205078, 25.0786190032959, 20.167198181152344, 16.771554946899414, 23.41170310974121, 26.008445739746094, 18.956724166870117, 24.48642921447754, 18.253005981445312, 19.667211532592773, 29.053539276123047, 23.752744674682617, 24.65909767150879, 24.118343353271484, 20.295551300048828, 28.50278091430664, 24.230195999145508, 34.035587310791016, 27.932992935180664, 28.289236068725586, 20.388704299926758, 29.785751342773438, 23.42416000366211, 28.50724983215332, 21.889659881591797, 28.763294219970703, 32.375, 25.796998977661133, 27.763904571533203, 31.696809768676758, 24.42487144470215, 29.447996139526367, 22.31691551208496, 26.817630767822266, 26.272981643676758, 30.230831146240234, 20.3493595123291, 19.34308624267578, 24.906217575073242, 26.121376037597656, 25.906129837036133, 20.837848663330078, 27.193845748901367, 27.305870056152344, 21.437164306640625, 22.513193130493164, 33.502479553222656, 27.664241790771484, 28.46249008178711, 27.7084903717041, 24.14113998413086, 35.3513069152832, 27.616533279418945, 37.954219818115234, 32.217803955078125, 33.671875, 21.86383628845215, 32.48746871948242, 25.161754608154297, 31.053096771240234, 25.594627380371094, 30.267601013183594, 31.87109375, 25.496299743652344, 29.071664810180664, 34.01454544067383, 24.555660247802734, 30.861900329589844, 23.492170333862305, 28.669771194458008, 26.898466110229492, 31.64841651916504, 19.5512752532959, 17.53980255126953, 24.32200813293457, 27.1859073638916, 21.175004959106445, 25.868045806884766, 22.773029327392578, 23.05059051513672, 32.80812454223633, 28.380657196044922, 28.969383239746094, 29.191511154174805, 25.768417358398438, 39.17540740966797, 30.16421890258789, 40.876155853271484, 35.17384719848633, 36.69223403930664, 22.135143280029297, 33.489498138427734, 26.202985763549805, 32.83647537231445, 26.211048126220703, 32.92011260986328, 36.295135498046875, 28.084304809570312, 31.036550521850586, 36.51905059814453, 24.917922973632812, 32.61398696899414, 25.727027893066406, 30.951372146606445, 28.22275733947754, 33.40234375, 17.686420440673828, 17.844614028930664, 23.21628189086914, 16.345945358276367, 21.82356071472168, 31.98326873779297, 25.72271156311035, 27.592153549194336, 26.738279342651367, 24.88553237915039, 38.67922592163086, 29.847644805908203, 41.02519607543945, 36.16622543334961, 37.751888275146484, 22.54804039001465, 33.41845703125, 25.787553787231445, 33.88739776611328, 26.09029769897461, 33.77347946166992, 37.14629364013672, 27.576324462890625, 31.85917091369629, 37.58465576171875, 25.512651443481445, 32.543609619140625, 25.559297561645508, 31.50571632385254, 27.908985137939453, 32.67224884033203, 14.988104820251465, 15.536819458007812, 21.215343475341797, 19.78593635559082, 18.043479919433594, 18.846439361572266, 27.397445678710938, 27.87662124633789, 21.937549591064453, 25.126338958740234, 37.65106964111328, 32.39540100097656, 32.342594146728516, 31.091114044189453, 27.47945213317871, 43.34819030761719, 31.32219886779785, 41.23926544189453, 38.98564910888672, 40.03015899658203, 22.48403549194336, 34.36071014404297, 25.959659576416016, 34.551090240478516, 26.94038963317871, 31.76407241821289, 34.26723861694336, 26.380830764770508, 30.843353271484375, 35.73308181762695, 24.244537353515625, 31.50897979736328, 25.03645896911621, 31.472164154052734, 28.32147979736328, 33.040855407714844, 16.088123321533203, 16.118711471557617, 21.977357864379883, 19.962846755981445, 20.21700668334961, 18.56340789794922, 25.821918487548828, 26.501405715942383, 21.817171096801758, 25.047630310058594, 38.022178649902344, 32.109432220458984, 32.597015380859375, 30.781726837158203, 26.717044830322266, 43.23048400878906, 30.864246368408203, 40.67530059814453, 39.33115005493164, 39.79594421386719, 21.974668502807617, 33.62567138671875, 25.296897888183594, 33.78357696533203, 26.324851989746094, 31.43589210510254, 33.80863952636719, 26.1309757232666, 30.719680786132812, 35.86644744873047, 24.032564163208008, 31.911550521850586, 25.024621963500977, 31.877784729003906, 28.42426872253418, 32.9071159362793, 15.679620742797852, 15.059420585632324, 21.9348201751709, 21.394670486450195, 21.585159301757812, 19.274890899658203, 26.262727737426758, 27.13013458251953, 22.323345184326172, 25.507654190063477, 38.76121520996094, 32.84381866455078, 33.338470458984375, 31.32180404663086, 27.126527786254883, 43.55423355102539, 30.978578567504883, 41.07469177246094, 39.899085998535156, 39.72678756713867, 22.064836502075195, 33.66973114013672, 25.26182746887207, 33.52595138549805, 26.053133010864258, 31.399864196777344, 33.89908981323242, 25.922672271728516, 30.967151641845703, 36.03398513793945, 24.133764266967773, 32.16337585449219, 25.188779830932617, 32.336769104003906, 28.77104949951172, 33.08549880981445, 15.921236038208008, 15.053958892822266, 22.26133155822754, 22.03500747680664, 22.312355041503906, 19.75177001953125, 26.815181732177734, 27.280344009399414, 22.585206985473633, 25.80840492248535, 39.184696197509766, 33.1354866027832, 33.964202880859375, 31.54231071472168, 27.42691421508789, 43.563026428222656, 31.052982330322266, 41.20588684082031, 39.810325622558594, 39.24462127685547, 22.285354614257812, 33.984092712402344, 25.31883430480957, 33.23270034790039, 25.686983108520508, 31.27145004272461, 34.18702697753906, 25.873584747314453, 31.10091781616211, 36.073490142822266, 24.182632446289062, 32.05610275268555, 25.5195255279541, 32.62999725341797, 29.132343292236328, 33.11250686645508, 16.21703338623047, 16.232738494873047, 22.526241302490234, 22.420528411865234, 22.769824981689453, 20.436214447021484, 27.56449317932129, 27.643781661987305, 23.11876106262207, 26.34686851501465, 39.22361373901367, 33.491031646728516, 34.66659927368164, 31.89403533935547, 27.706941604614258, 43.70199203491211, 30.85238265991211, 40.890541076660156, 39.46739959716797, 38.86932373046875, 22.52493667602539, 33.72446060180664, 25.308263778686523, 32.89234924316406, 25.2963809967041, 31.084156036376953, 33.618804931640625, 25.7716064453125, 31.006423950195312, 36.12253189086914, 24.239625930786133, 32.181297302246094, 25.683637619018555, 32.813941955566406, 29.0947265625, 32.61808395385742, 13.14522933959961, 25.613256454467773, 16.057064056396484, 22.04256820678711, 22.197368621826172, 22.63443374633789, 20.226903915405273, 27.42794418334961, 27.50504493713379, 22.75617790222168, 26.0101318359375, 38.885772705078125, 33.265560150146484, 34.08431625366211, 31.40760040283203, 27.23987579345703, 43.35829162597656, 30.38088607788086, 40.99808120727539, 39.02763366699219, 38.13967514038086, 22.515655517578125, 33.421810150146484, 25.17628288269043, 32.74577331542969, 25.3861026763916, 30.964984893798828, 33.62313461303711, 25.847124099731445, 31.002906799316406, 36.19371032714844, 24.206693649291992, 32.151920318603516, 25.443927764892578, 32.412872314453125, 29.091957092285156, 33.257713317871094, 16.909595489501953, 25.910280227661133, 16.335546493530273, 22.09652328491211, 22.6171932220459, 22.96881103515625, 20.51272201538086, 27.53057098388672, 27.28695297241211, 22.758991241455078, 25.945697784423828, 38.52214050292969, 32.99436569213867, 34.09607696533203, 31.198875427246094, 27.335203170776367, 42.85718536376953, 30.165470123291016, 40.699527740478516, 38.934940338134766, 38.0759162902832, 22.452260971069336, 33.22516632080078, 25.221481323242188, 32.68273162841797, 25.374582290649414, 30.936744689941406, 33.822357177734375, 26.03090476989746, 31.216564178466797, 35.820167541503906, 24.452743530273438, 32.23381042480469, 25.459239959716797, 32.3555793762207, 29.00588035583496, 33.8116340637207, 17.204608917236328, 27.16684913635254, 17.108016967773438, 22.230403900146484, 22.935964584350586, 22.868824005126953, 20.81648063659668, 27.72243309020996, 27.23565101623535, 22.907976150512695, 26.03502082824707, 38.756404876708984, 33.18831253051758, 34.00939178466797, 31.24869728088379, 27.55925178527832, 43.084205627441406, 30.375198364257812, 40.88915252685547, 38.481380462646484, 37.71974182128906, 22.507999420166016, 33.20261764526367, 25.24637222290039, 32.65985870361328, 25.509136199951172, 30.85775375366211, 33.59482192993164, 26.07000160217285, 31.173553466796875, 35.9236946105957, 24.514352798461914, 32.09949493408203, 25.539384841918945, 32.324371337890625, 29.13035774230957, 33.72330856323242, 17.440004348754883, 25.5294132232666, 17.249420166015625, 22.607295989990234, 23.097776412963867, 23.362756729125977, 21.062999725341797, 27.812410354614258, 27.320045471191406, 23.15691566467285, 26.314464569091797, 38.72372055053711, 32.7319450378418, 34.1621208190918, 31.421287536621094, 27.83932113647461, 43.32231140136719, 30.532745361328125, 40.81439971923828, 38.6258430480957, 37.615501403808594]
6	82	https://zh.wikipedia.org/wiki/%E8%85%A6%E6%80%A7%E9%BA%BB%E7%97%BA	腦性麻痺	https://hi.wikipedia.org/wiki/%E0%A4%AA%E0%A5%8D%E0%A4%B0%E0%A4%AE%E0%A4%B8%E0%A5%8D%E0%A4%A4%E0%A4%BF%E0%A4%B7%E0%A5%8D%E0%A4%95_%E0%A4%85%E0%A4%82%E0%A4%97%E0%A4%98%E0%A4%BE%E0%A4%A4	प्रमस्तिष्क अंगघात बीमारी को पहली बार किस चिकित्सक और कब पता लगाया था ?	nickmalhotra/ProjectIndus	प्रमस्तिष्क अंगघात बीमारी को पहली बार १८८२ में जॉन हॉपकिन्स द्वारा पता लगाया गया था। यह बीमारी मस्तिष्क के ऊतकों में रक्तस्राव के कारण होती है, जिसे रक्तस्रावी मस्तिष्कशोथ के रूप में जाना जाता है।	['प्र', 'मस्तिष्क▁', 'अंग', 'घात▁', 'बीमारी', '▁को', '▁पहली▁बार▁', '१८', '८', '२▁में▁', 'जॉन▁', 'हॉ', 'प', 'कि', 'न्स▁', 'द्वारा▁', 'पता▁', 'लगाया▁', 'गया▁था।▁', 'यह▁', 'बीमारी▁', 'मस्तिष्', 'क▁के▁', 'ऊतक', 'ों▁में▁', 'रक्त', 'स्रा', 'व', '▁के▁कारण▁', 'होती▁है,▁', 'जिसे▁', 'रक्त', 'स्रा', 'वी▁', 'मस्तिष्', 'क', 'शो', 'थ', '▁के▁रूप▁में▁', 'जाना▁जात', 'ा▁है।', '</s>']	[12.971981048583984, 21.6390380859375, 18.398611068725586, 20.450098037719727, 17.16059112548828, 18.897539138793945, 20.797780990600586, 14.429336547851562, 17.843238830566406, 20.350967407226562, 11.69599723815918, 11.806852340698242, 17.832509994506836, 21.302114486694336, 22.456512451171875, 14.167878150939941, 14.345952987670898, 22.359500885009766, 18.625791549682617, 12.425209045410156, 14.065778732299805, 12.625712394714355, 20.307723999023438, 14.043147087097168, 18.682188034057617, 13.154308319091797, 18.7127628326416, 21.589618682861328, 18.635356903076172, 15.169538497924805, 16.145355224609375, 12.009747505187988, 18.408802032470703, 18.177499771118164, 13.951281547546387, 21.441753387451172, 18.536224365234375, 24.436485290527344, 18.189298629760742, 19.65355682373047, 21.827537536621094, 17.090465545654297]
7	85	https://fr.wikipedia.org/wiki/Khobar	Khobar	https://hi.wikipedia.org/wiki/%E0%A4%85%E0%A4%B2-%E0%A4%96%E0%A5%8B%E0%A4%AC%E0%A4%B0	अल-खोबर में कौन सी भारतीय संस्था स्थित है?	nickmalhotra/ProjectIndus	अल-खोबर में केंद्रीय कृषि विश्वविद्यालय स्थित है।	['अल-', 'खो', 'बर▁', 'में▁क', 'ेंद्रीय', '▁कृषि▁', 'विश्वविद्यालय', '▁स्थित▁', 'है।', '</s>']	[12.668519973754883, 21.27362823486328, 20.914939880371094, 11.514543533325195, 13.858354568481445, 15.517200469970703, 17.58405113220215, 17.598995208740234, 20.40117835998535, 18.583356857299805]
8	103	https://en.wikipedia.org/wiki/Kremlin_(fortification)	Kremlin (fortification)	https://hi.wikipedia.org/wiki/%E0%A4%95%E0%A5%8D%E0%A4%B0%E0%A5%87%E0%A4%AE%E0%A4%B2%E0%A4%BF%E0%A4%A8	मास्को स्थित दुर्ग किस रंग के ईटो से बनाई गयी दीवारों से घिरा हुआ है?	nickmalhotra/ProjectIndus	मास्को स्थित दुर्ग सफेद ईटो से बनाई गई दीवारों से घिरा हुआ है। मास्को स्थित दुर्ग को ज़हरीली गैस वाले रॉकेट से नष्ट कर दिया गया था।	['मा', 'स्को', '▁स्थित▁', 'दुर्ग', '▁सफेद▁', 'ई', 'टो', '▁से▁', 'बनाई▁गई▁', 'दीवार', 'ों▁से▁', 'घिरा▁', 'हुआ▁है।\n', 'मा', 'स्को', '▁स्थित▁', 'दुर्ग', '▁को▁', 'ज़', 'हरी', 'ली▁', 'गैस▁', 'वाले▁', 'रॉके', 'ट▁से▁', 'नष्ट', '▁कर▁दिया▁', 'गया▁था।', '</s>']	[12.83967399597168, 22.39981460571289, 17.275876998901367, 15.481046676635742, 15.11562728881836, 17.39344024658203, 18.26532745361328, 20.486635208129883, 13.284515380859375, 17.16877555847168, 22.281299591064453, 20.717748641967773, 18.827009201049805, 9.55416488647461, 21.552715301513672, 16.959428787231445, 15.891927719116211, 13.925539016723633, 8.00783634185791, 10.226630210876465, 15.514413833618164, 12.613574981689453, 10.90272331237793, 8.607142448425293, 19.217723846435547, 13.758844375610352, 17.892593383789062, 17.977449417114258, 18.04099464416504]
9	111	https://fr.wikipedia.org/wiki/Diab%C3%A8te_de_type_2	Diabète de type 2	https://hi.wikipedia.org/wiki/%E0%A4%AE%E0%A4%A7%E0%A5%81%E0%A4%AE%E0%A5%87%E0%A4%B9_%E0%A4%9F%E0%A4%BE%E0%A4%87%E0%A4%AA_2	आईसीडी १० E ११ का मुख्य कारण क्या है ?	nickmalhotra/ProjectIndus	आईसीडी १० ई ११ का मुख्य कारण पर्यावरणीय क्षरण है।	['आईसी', 'डी▁', '१०▁', 'ई▁', '११', '▁का▁मुख्य', '▁कारण', '▁पर्यावरण', 'ीय', '▁क्ष', 'रण▁', 'है।', '</s>']	[12.880358695983887, 24.87500762939453, 20.311452865600586, 15.834304809570312, 16.63454246520996, 16.730165481567383, 20.542604446411133, 12.347565650939941, 16.7213077545166, 17.073810577392578, 20.277265548706055, 16.026498794555664, 17.16885757446289]
10	114	https://zh.wikipedia.org/wiki/%E6%B3%A2%E8%A5%BF%E7%B8%A3_(%E5%8D%B0%E7%AC%AC%E5%AE%89%E7%B4%8D%E5%B7%9E)	波西縣 (印第安納州)	https://hi.wikipedia.org/wiki/%E0%A4%AA%E0%A5%8B%E0%A4%B8%E0%A5%80_%E0%A4%95%E0%A4%BE%E0%A4%89%E0%A4%82%E0%A4%9F%E0%A5%80,_%E0%A4%87%E0%A4%82%E0%A4%A1%E0%A4%BF%E0%A4%AF%E0%A4%BE%E0%A4%A8%E0%A4%BE	पोसी काउंटी किस स्टेट में स्थित है?	nickmalhotra/ProjectIndus	पोसी काउंटी संयुक्त राज्य अमेरिका के मिनेसोटा राज्य में स्थित है।	['पो', 'सी', '▁काउ', 'ंटी▁', 'संयुक्त▁राज्य▁', 'अमेरिका▁के▁', 'मि', 'ने', 'सो', 'टा▁', 'राज्य▁में▁', 'स्थित▁', 'है।', '</s>']	[13.815460205078125, 20.59552574157715, 22.77417755126953, 22.11490249633789, 13.69395637512207, 20.269357681274414, 15.203384399414062, 21.107891082763672, 26.6252498626709, 23.205781936645508, 20.200178146362305, 17.46241569519043, 20.595230102539062, 20.120141983032227]
11	120	https://zh.wikipedia.org/wiki/695%E5%B9%B4	695年	https://hi.wikipedia.org/wiki/695	695 किस कैलेंडर का वर्ष है?	meta-llama/Meta-Llama-3-8B-Instruct	695 है जूलियन कैलेंडर का वर्ष, जो कि 45वाँ वर्ष है जूलियन कैलेंडर के शुरुआत के बाद से ( anno Domini के शुरुआत के बाद से)।	['695', 'Ġà¤¹', 'à¥Ī', 'Ġà¤ľ', 'à¥Ĥà¤²', 'à¤¿à¤¯à¤¨', 'Ġà¤ķ', 'à¥Īà¤²', 'à¥ĩà¤Ĥ', 'à¤¡à¤°', 'Ġà¤ķ', 'à¤¾', 'Ġà¤µà¤°', 'à¥įà¤·', ',', 'Ġà¤ľ', 'à¥ĭ', 'Ġà¤ķ', 'à¤¿', 'Ġ', '45', 'à¤µ', 'à¤¾à¤ģ', 'Ġà¤µà¤°', 'à¥įà¤·', 'Ġà¤¹', 'à¥Ī', 'Ġà¤ľ', 'à¥Ĥà¤²', 'à¤¿à¤¯à¤¨', 'Ġà¤ķ', 'à¥Īà¤²', 'à¥ĩà¤Ĥ', 'à¤¡à¤°', 'Ġà¤ķ', 'à¥ĩ', 'Ġà¤¶', 'à¥ģà¤°', 'à¥ģà¤Ĩà¤¤', 'Ġà¤ķ', 'à¥ĩ', 'Ġà¤¬', 'à¤¾à¤¦', 'Ġà¤¸', 'à¥ĩ', 'Ġ(', 'Ġanno', 'ĠDom', 'ini', 'Ġà¤ķ', 'à¥ĩ', 'Ġà¤¶', 'à¥ģà¤°', 'à¥ģà¤Ĩà¤¤', 'Ġà¤ķ', 'à¥ĩ', 'Ġà¤¬', 'à¤¾à¤¦', 'Ġà¤¸', 'à¥ĩ', ')', 'à¥¤', '<|eot_id|>']	[18.92565155029297, 16.540437698364258, 15.903437614440918, 13.662978172302246, 17.165449142456055, 24.262514114379883, 21.50076675415039, 24.60173988342285, 25.28634262084961, 30.4932804107666, 21.209447860717773, 24.565237045288086, 21.492130279541016, 25.58751106262207, 16.88413429260254, 14.812070846557617, 20.12598419189453, 13.864765167236328, 20.960996627807617, 14.517095565795898, 14.670615196228027, 13.647171020507812, 21.288286209106445, 16.488157272338867, 24.963468551635742, 15.726042747497559, 19.402536392211914, 13.251362800598145, 19.635395050048828, 25.244558334350586, 16.84820556640625, 22.768381118774414, 25.025514602661133, 24.92303466796875, 18.734142303466797, 20.974475860595703, 12.41296100616455, 21.352731704711914, 25.716705322265625, 17.27419662475586, 22.03374671936035, 18.147193908691406, 24.503746032714844, 16.753278732299805, 19.53097915649414, 15.218315124511719, 12.265135765075684, 19.156957626342773, 30.04598617553711, 14.166966438293457, 19.74291229248047, 14.421697616577148, 23.681259155273438, 25.81682586669922, 19.062931060791016, 23.276935577392578, 19.391754150390625, 27.312211990356445, 21.151859283447266, 21.89668846130371, 17.389392852783203, 15.842731475830078, 19.221694946289062]
12	142	https://zh.wikipedia.org/wiki/Windows_Neptune	Windows Neptune	https://hi.wikipedia.org/wiki/%E0%A4%AE%E0%A4%BE%E0%A4%87%E0%A4%95%E0%A5%8D%E0%A4%B0%E0%A5%8B%E0%A4%B8%E0%A5%89%E0%A4%AB%E0%A5%8D%E0%A4%9F_%E0%A4%A8%E0%A5%87%E0%A4%AA%E0%A4%9A%E0%A5%8D%E0%A4%AF%E0%A5%82%E0%A4%A8	माइक्रोसॉफ्ट नेपच्यून किस वर्ष में कार्यकारी स्थिति किया गया था ?	nickmalhotra/ProjectIndus	माइक्रोसॉफ्ट नेपच्यून २००१ में एक कार्यकारी स्थिति प्राप्त हुई थी ।	['माइक्रोसॉफ्ट▁', 'ने', 'प', 'च्यू', 'न▁', '२००', '१▁में▁', 'एक', '▁कार्यकारी▁', 'स्थिति', '▁प्राप्त▁', 'हुई▁थी▁', '।', '</s>']	[12.057476043701172, 17.355810165405273, 21.385534286499023, 23.533016204833984, 21.78219985961914, 13.424175262451172, 18.099422454833984, 11.192952156066895, 19.63616943359375, 15.811800003051758, 13.277405738830566, 10.09837532043457, 16.33232879638672, 19.870145797729492]
13	165	https://en.wikipedia.org/wiki/Bruce_Sterling	Bruce Sterling	https://hi.wikipedia.org/wiki/%E0%A4%AC%E0%A5%8D%E0%A4%B0%E0%A5%82%E0%A4%B8_%E0%A4%B8%E0%A5%8D%E0%A4%9F%E0%A4%B0%E0%A5%8D%E0%A4%B2%E0%A4%BF%E0%A4%82%E0%A4%97	ब्रूस स्टर्लिंग का जन्म किस देश में हुआ था ?	meta-llama/Meta-Llama-3-8B-Instruct	ब्रूस स्टर्लिंग का जन्म स्कॉटलैंड में हुआ था।	['à¤¬', 'à¥įà¤°', 'à¥Ĥà¤¸', 'Ġà¤¸', 'à¥įà¤Łà¤°', 'à¥įà¤²', 'à¤¿à¤Ĥ', 'à¤Ĺ', 'Ġà¤ķ', 'à¤¾', 'Ġà¤ľà¤¨', 'à¥įà¤®', 'Ġà¤¸', 'à¥įà¤ķ', 'à¥īà¤Ł', 'à¤²', 'à¥Īà¤Ĥ', 'à¤¡', 'Ġà¤®', 'à¥ĩà¤Ĥ', 'Ġà¤¹', 'à¥ģà¤Ĩ', 'Ġà¤¥', 'à¤¾à¥¤', '<|eot_id|>']	[17.54146957397461, 25.555755615234375, 24.215850830078125, 24.47340202331543, 27.01551628112793, 25.456539154052734, 23.57917022705078, 25.268827438354492, 17.138418197631836, 24.57004737854004, 25.09916114807129, 27.154584884643555, 19.528064727783203, 21.669658660888672, 22.68235206604004, 26.14144515991211, 22.119441986083984, 25.798248291015625, 20.910953521728516, 26.11038589477539, 21.246761322021484, 27.30999755859375, 25.826663970947266, 23.9907283782959, 19.12561798095703]
14	172	https://fr.wikipedia.org/wiki/Johnny_Cash	Johnny Cash	https://hi.wikipedia.org/wiki/%E0%A4%9C%E0%A5%89%E0%A4%A8%E0%A5%80_%E0%A4%95%E0%A5%88%E0%A4%B6	जॉनी कैश की मृत्यु किस वजह से हुई थी ?	nickmalhotra/ProjectIndus	"जॉनी कैश की मृत्यु १९७५ में हुई थी. उन्हें उनकी फिल्म ""द मैन हू वुड हैव टू डाई"" में उनकी भूमिका के लिए जाना जाता था।"	"['जॉ', 'नी▁क', 'ै', 'श▁की▁', 'मृ', 'त्य', 'ु▁', '१९', '७५', '▁में▁', 'हुई▁', 'थी.▁', 'उन्हें▁', 'उनकी▁', 'फिल्म▁', '""', 'द▁', 'मैन▁', 'हू▁', 'वु', 'ड▁', 'है', 'व▁', 'टू▁', 'डा', 'ई', '""', '▁में▁', 'उनकी▁', 'भूमिका', '▁के▁लिए▁', 'जाना▁जात', 'ा▁', 'था।', '</s>']"	[13.62999153137207, 25.816692352294922, 24.144609451293945, 20.70223045349121, 17.882465362548828, 25.14659309387207, 22.23598289489746, 10.812004089355469, 15.603489875793457, 22.628915786743164, 10.946910858154297, 17.65907859802246, 13.227901458740234, 9.979701042175293, 11.600719451904297, 13.165237426757812, 12.100943565368652, 12.58846378326416, 17.91427993774414, 14.859495162963867, 21.29072380065918, 14.721034049987793, 17.2341251373291, 13.950286865234375, 14.301325798034668, 21.169816970825195, 18.42148780822754, 19.431365966796875, 13.476737022399902, 17.230382919311523, 23.377460479736328, 18.65053939819336, 22.538789749145508, 21.118146896362305, 17.892623901367188]
15	177	https://en.wikipedia.org/wiki/Takara	Takara	https://hi.wikipedia.org/wiki/%E0%A4%9F%E0%A4%95%E0%A4%BE%E0%A4%B0%E0%A4%BE	टकारा कंपनी लिमिटेड का आधिकारिक समापन क्यों हुआ ?	nickmalhotra/ProjectIndus	टकारा कंपनी लिमिटेड का आधिकारिक समापन १९३९ में हुआ था. यह भारत में एक निजी लिमिटेड कंपनी थी जिसका गठन १९३९ में भारतीय राष्ट्रीय कांग्रेस (आई. एन. सी.) के समर्थन से हुआ था। यह भारत में एक निजी लिमिटेड कंपनी थी जिसका गठन १९३९ में भारतीय राष्ट्रीय कांग्रेस (आई. एन. सी.) के समर्थन से हुआ था। टकारा कंपनी लिमिटेड का गठन १९३९ में भारतीय राष्ट्रीय कांग्रेस (आई. एन. सी.) के समर्थन से हुआ था और इसका मुख्यालय नई दिल्ली में स्थित था।	['ट', 'कारा', '▁कंपनी▁', 'लिमिटेड', '▁का▁', 'आधिकारिक', '▁समा', 'पन▁', '१९', '३', '९▁में▁', 'हुआ▁', 'था.▁', 'यह▁', 'भारत▁में▁', 'एक▁', 'निजी▁', 'लिमिटेड', '▁कंपनी▁', 'थी▁', 'जिसका▁', 'गठन▁', '१९', '३', '९▁में▁', 'भारतीय▁', 'राष्ट्रीय', '▁कांग्रेस▁', '(आई', '.▁', 'एन.', '▁सी.', ')▁के▁', 'समर्थ', 'न▁से▁', 'हुआ▁था।▁', 'यह▁', 'भारत▁में▁', 'एक▁', 'निजी▁', 'लिमिटेड', '▁कंपनी▁', 'थी▁', 'जिसका▁', 'गठन▁', '१९', '३', '९▁में▁', 'भारतीय▁', 'राष्ट्रीय', '▁कांग्रेस▁', '(आई', '.▁', 'एन.', '▁सी.', ')▁के▁', 'समर्थ', 'न▁से▁', 'हुआ▁था।▁', 'ट', 'कारा', '▁कंपनी▁', 'लिमिटेड', '▁का▁', 'गठन▁', '१९', '३', '९▁में▁', 'भारतीय▁', 'राष्ट्रीय', '▁कांग्रेस▁', '(आई', '.▁', 'एन.', '▁सी.', ')▁के▁', 'समर्थ', 'न▁से▁', 'हुआ▁था▁और▁', 'इसका▁', 'मुख्यालय▁', 'नई▁दिल्ली▁में▁', 'स्थित▁', 'था।', '</s>']	[13.216835021972656, 20.988731384277344, 22.638479232788086, 18.185726165771484, 17.808536529541016, 16.2563533782959, 23.466358184814453, 23.338092803955078, 11.050213813781738, 15.222686767578125, 20.539196014404297, 12.088276863098145, 16.845073699951172, 12.234402656555176, 10.836191177368164, 12.267078399658203, 12.793155670166016, 14.882390975952148, 20.7143611907959, 15.554943084716797, 17.96799659729004, 14.749505043029785, 13.564441680908203, 17.235090255737305, 22.899974822998047, 10.539170265197754, 13.422301292419434, 20.376253128051758, 16.30127716064453, 23.40156364440918, 24.949188232421875, 31.349590301513672, 21.511375427246094, 12.570488929748535, 18.949748992919922, 11.470376014709473, 12.222495079040527, 11.870835304260254, 12.550278663635254, 14.192535400390625, 16.737049102783203, 22.955167770385742, 19.548240661621094, 22.599929809570312, 20.93825340270996, 16.17530059814453, 26.351247787475586, 34.797611236572266, 19.46996307373047, 28.252565383911133, 34.70859146118164, 28.561243057250977, 36.27873992919922, 39.221885681152344, 49.71410369873047, 36.19292068481445, 25.51275062561035, 31.570934295654297, 19.162912368774414, 12.799241065979004, 19.41761589050293, 21.123029708862305, 16.463285446166992, 17.16828155517578, 14.342061996459961, 11.955399513244629, 18.699031829833984, 24.417821884155273, 14.749897956848145, 18.307781219482422, 23.041025161743164, 20.545093536376953, 27.518030166625977, 31.460620880126953, 32.3414306640625, 22.00482940673828, 17.030784606933594, 22.947750091552734, 13.123933792114258, 13.99104118347168, 14.862889289855957, 11.137064933776855, 13.903107643127441, 16.72235679626465, 17.058977127075195]
16	179	https://fr.wikipedia.org/wiki/14_octobre	14 octobre	https://hi.wikipedia.org/wiki/%E0%A5%A7%E0%A5%AA_%E0%A4%85%E0%A4%95%E0%A5%8D%E0%A4%9F%E0%A5%82%E0%A4%AC%E0%A4%B0	रजिया सुल्तान का निधन कब हुआ था ?	nickmalhotra/ProjectIndus	रजिया सुल्तान का निधन १४ जून, १६१९ को हुआ था ।	['रज', 'िया▁', 'सु', 'ल्तान', '▁का▁', 'निधन▁', '१४', '▁जून,▁', '१६', '१९', '▁को▁', 'हुआ▁था▁', '।', '</s>']	[14.00457763671875, 27.327585220336914, 19.6273136138916, 20.509212493896484, 19.05718421936035, 17.21650505065918, 14.088554382324219, 18.64168930053711, 16.83660888671875, 22.459619522094727, 20.89851188659668, 14.349332809448242, 19.610401153564453, 20.37519073486328]
17	211	https://zh.wikipedia.org/wiki/%E5%A4%96%E4%BA%A4%E4%BB%A3%E8%A1%A8%E6%A9%9F%E6%A7%8B	外交代表機構	https://hi.wikipedia.org/wiki/%E0%A4%B0%E0%A4%BE%E0%A4%9C%E0%A4%A8%E0%A4%AF%E0%A4%BF%E0%A4%95_%E0%A4%AE%E0%A4%BF%E0%A4%B6%E0%A4%A8	 वियाना कन्वेन्शन किस तारीख को प्रभावित  हुआ था ?	nickmalhotra/ProjectIndus	वियाना कन्वेन्शन १८७९ में हुआ था ।	['विय', 'ाना', '▁कन्', 'वे', 'न्', 'शन▁', '१८', '७', '९▁में▁', 'हुआ▁था▁', '।', '</s>']	[14.238998413085938, 20.971166610717773, 22.727420806884766, 21.763565063476562, 23.73195457458496, 25.028488159179688, 12.011902809143066, 16.164154052734375, 18.75003433227539, 12.028907775878906, 16.491199493408203, 18.93304443359375]
18	254	https://sv.wikipedia.org/wiki/C%C3%B3rdobaemiratet	Córdobaemiratet	https://hi.wikipedia.org/wiki/%E0%A4%95%E0%A5%8B%E0%A4%B0%E0%A5%8D%E0%A4%A1%E0%A5%8B%E0%A4%AC%E0%A4%BE_%E0%A4%96%E0%A4%BF%E0%A4%B2%E0%A4%BE%E0%A4%AB%E0%A4%A4	कोर्डोबा खिलाफत को किस वंश ने राज किया था ?	nickmalhotra/ProjectIndus	कोर्डोबा खिलाफत को अलेक्जेंडर सेवेरस द्वितीय ने स्थापित किया था।	['कोर्', 'डो', 'बा▁', 'खिलाफ', 'त▁को▁', 'अ', 'लेक्', 'जेंडर▁', 'से', 'वे', 'रस▁', 'द्वितीय▁', 'ने▁', 'स्थापित', '▁किया▁था।', '</s>']	[13.294212341308594, 23.119544982910156, 21.237926483154297, 15.320422172546387, 20.53696632385254, 9.695638656616211, 12.928215980529785, 20.685457229614258, 12.786641120910645, 13.489004135131836, 16.513505935668945, 14.097965240478516, 16.210186004638672, 12.896852493286133, 19.39869499206543, 19.003948211669922]
19	279	https://zh.wikipedia.org/wiki/%E4%B8%96%E7%95%8C%E5%9B%BD%E9%99%85%E8%B1%A1%E6%A3%8B%E8%81%94%E5%90%88%E4%BC%9A	世界国际象棋联合会	https://hi.wikipedia.org/wiki/%E0%A4%AB%E0%A4%BE%E0%A4%87%E0%A4%A1	अंतर्राष्ट्रीय शतरंज संघ की स्थापना कितने वर्ष पूर्व हुई थी?	nickmalhotra/ProjectIndus	इंटरनेशनल शतरंज संघ (इस्को) की स्थापना १८ अप्रैल १९०२ को हुई थी।	['इंटरनेशनल▁', 'श', 'तर', 'ंज', '▁संघ', '▁(', 'इ', 'स्को', ')▁की▁', 'स्थापना▁', '१८▁', 'अप्रैल▁', '१९', '०२', '▁को▁', 'हुई▁थी।', '</s>']	[11.813257217407227, 19.113323211669922, 28.826658248901367, 28.437564849853516, 21.087108612060547, 19.8594970703125, 13.641160011291504, 15.830094337463379, 19.23210906982422, 22.503746032714844, 11.703429222106934, 14.699385643005371, 18.306886672973633, 15.830394744873047, 22.489131927490234, 15.029712677001953, 18.97931671142578]
20	311	https://zh.wikipedia.org/wiki/%E5%90%89%E5%88%97%E4%BD%93%E8%82%B2%E5%9C%BA	吉列体育场	https://hi.wikipedia.org/wiki/%E0%A4%9C%E0%A4%BF%E0%A4%B2%E0%A5%87%E0%A4%9F_%E0%A4%B8%E0%A5%8D%E0%A4%9F%E0%A5%87%E0%A4%A1%E0%A4%BF%E0%A4%AF%E0%A4%AE	जिलेट स्टेडियम में कितने दर्शको की क्षमता है ?	nickmalhotra/ProjectIndus	जिलेट स्टेडियम में कुल दर्शकों की संख्या लगभग १०,००० है।	['जि', 'लेट', '▁स्टेडिय', 'म▁', 'में▁कुल▁', 'दर्शकों▁की▁', 'संख्या▁', 'लगभग▁', '१०,०००▁', 'है।', '</s>']	[13.094661712646484, 22.31695556640625, 20.916332244873047, 22.755550384521484, 14.262319564819336, 13.438570976257324, 15.407835960388184, 13.719437599182129, 14.834474563598633, 16.873626708984375, 18.71415901184082]
21	342	https://sv.wikipedia.org/wiki/Daler_Mehndi	Daler Mehndi	https://hi.wikipedia.org/wiki/%E0%A4%A6%E0%A4%B2%E0%A5%87%E0%A4%B0_%E0%A4%AE%E0%A5%87%E0%A4%82%E0%A4%B9%E0%A4%A6%E0%A5%80	दलेर मेंहदी पर कानूनी कारवाही किस वजह से हुई थी ?	nickmalhotra/ProjectIndus	दलेर मेंहदी पर १९९८ में एक गायिका को गाली देने और मारपीट करने का आरोप लगाया गया था। उन पर भारतीय दंड संहिता की धारा ३२३, ३२४ और ५०६ के तहत मामला दर्ज किया गया था। उन्हें गिरफ्तार किया गया और जमानत पर रिहा कर दिया गया, लेकिन बाद में उन्हें जमानत दे दी गई। उन्हें बाद में पंजाब और हरियाणा उच्च न्यायालय से जमानत मिल गई।	['द', 'ले', 'र▁', 'में', 'ह', 'दी▁', 'पर▁', '१९९', '८', '▁में▁एक▁', 'गाय', 'िका', '▁को▁', 'गा', 'ली▁', 'देने▁और▁', 'मार', 'पी', 'ट', '▁करने▁का▁', 'आरोप▁लगाया▁', 'गया▁था।▁', 'उन▁पर▁', 'भारतीय▁', 'दंड', '▁संहि', 'ता▁की▁', 'धारा▁', '३', '२३', ',▁', '३', '२४', '▁और▁', '५०', '६', '▁के▁तहत▁', 'मामला▁दर्ज', '▁किया▁गया▁था।▁', 'उन्हें▁', 'गिर', 'फ्', 'तार', '▁किया▁गया▁और▁', 'जमान', 'त▁पर▁', 'रि', 'हा', '▁कर▁दिया▁', 'गया', ',▁लेकिन▁', 'बाद▁में▁', 'उन्हें▁', 'जमानत▁', 'दे▁', 'दी▁गई।▁', 'उन्हें▁', 'बाद▁में▁', 'पंजाब▁', 'और▁', 'हरियाणा▁', 'उच्च▁न्यायालय', '▁से▁', 'जमानत▁', 'मिल▁', 'गई।', '</s>']	[12.955984115600586, 23.434776306152344, 22.99643325805664, 19.44129180908203, 24.66050910949707, 22.768604278564453, 15.404467582702637, 11.247391700744629, 19.17664909362793, 18.259822845458984, 11.357531547546387, 17.805238723754883, 17.513771057128906, 12.618250846862793, 19.028968811035156, 18.77492332458496, 13.890213012695312, 19.970081329345703, 25.64161491394043, 20.109376907348633, 19.015697479248047, 19.303991317749023, 12.03283977508545, 12.529662132263184, 19.9279727935791, 25.268022537231445, 25.18940544128418, 19.634191513061523, 22.51580047607422, 25.14104461669922, 22.148141860961914, 19.21717071533203, 25.144102096557617, 23.096376419067383, 20.287641525268555, 20.921916961669922, 22.16437530517578, 17.216670989990234, 19.398738861083984, 12.809660911560059, 13.336997985839844, 24.203237533569336, 25.309484481811523, 20.359912872314453, 14.06113338470459, 27.398475646972656, 20.39824104309082, 28.437480926513672, 21.030927658081055, 19.956323623657227, 19.437942504882812, 15.2955961227417, 14.036140441894531, 14.109642028808594, 17.23944854736328, 19.542217254638672, 12.099227905273438, 12.0701322555542, 11.058584213256836, 16.11932945251465, 22.338253021240234, 20.051952362060547, 20.42449951171875, 15.885053634643555, 18.28045654296875, 17.698453903198242, 17.518407821655273]
22	361	https://zh.wikipedia.org/wiki/%E5%B8%9D%E5%9B%BD	帝国	https://hi.wikipedia.org/wiki/%E0%A4%B8%E0%A4%BE%E0%A4%AE%E0%A5%8D%E0%A4%B0%E0%A4%BE%E0%A4%9C%E0%A5%8D%E0%A4%AF	भारत के  सबसे बडा साम्राज्य की सीमा का कितना छेत्र था ?	nickmalhotra/ProjectIndus	भारत के सबसे बडा साम्राज्य की सीमा का केवल एक क्षेत्र था ।	['भारत▁के▁', 'सबसे▁', 'बडा▁', 'साम', '्राज्य', '▁की▁', 'सीमा', '▁का', '▁केवल▁', 'एक', '▁क्षेत्र▁', 'था▁', '।', '</s>']	[12.702690124511719, 16.70229721069336, 18.97931480407715, 20.546695709228516, 25.1259708404541, 17.743492126464844, 17.363100051879883, 16.65842056274414, 14.665813446044922, 12.265375137329102, 15.988226890563965, 15.643877983093262, 14.902351379394531, 18.576812744140625]
23	384	https://sv.wikipedia.org/wiki/Sagar	Sagar	https://hi.wikipedia.org/wiki/%E0%A4%B8%E0%A4%BE%E0%A4%97%E0%A4%B0,_%E0%A4%AE%E0%A4%A7%E0%A5%8D%E0%A4%AF_%E0%A4%AA%E0%A5%8D%E0%A4%B0%E0%A4%A6%E0%A5%87%E0%A4%B6	मध्यप्रदेश का पहला विश्वविद्यालय कब स्थापित हुआ था  ?	nickmalhotra/ProjectIndus	मध्यप्रदेश का पहला विश्वविद्यालय १९४८ में स्थापित हुआ था।	['मध्यप्रदेश', '▁का▁पहला▁', 'विश्वविद्यालय▁', '१९', '४८', '▁में▁', 'स्थापित▁', 'हुआ▁था।', '</s>']	[13.161815643310547, 21.108535766601562, 18.27008628845215, 14.327583312988281, 16.87126922607422, 22.299781799316406, 14.48572826385498, 16.03133773803711, 19.562864303588867]
24	397	https://sv.wikipedia.org/wiki/Farrukhabad	Farrukhabad	https://en.wikipedia.org/wiki/Farrukhabad_district	फ़र्रूख़ाबाद जिला कौन  से प्रसिद्ध कवित्री के लिए जाना जाता है ?	nickmalhotra/ProjectIndus	"फ़र्रूख़ाबाद जिला कवित्री के लिए जाना जाता है ""सुमित्रा नंदन पंत""।"	"['फ़र', '्रू', 'ख़ा', 'बाद▁', 'जिला', '▁कवि', 'त्र', 'ी▁के▁लिए▁', 'जाना▁जात', 'ा▁है▁', '""', 'सु', 'मित्र', 'ा▁', 'नंद', 'न▁प', 'ंत', '""', '।', '</s>']"	[11.95660400390625, 24.199155807495117, 29.486839294433594, 23.9287109375, 15.41204833984375, 14.980581283569336, 17.612154006958008, 19.831928253173828, 14.229000091552734, 20.203182220458984, 11.676506042480469, 9.492201805114746, 14.379661560058594, 18.296287536621094, 15.250560760498047, 19.489459991455078, 18.65707015991211, 18.010034561157227, 16.413522720336914, 18.29884147644043]
25	411	https://sv.wikipedia.org/wiki/Den_nikomachiska_etiken	Den nikomachiska etiken	https://hi.wikipedia.org/wiki/%E0%A4%A8%E0%A4%BF%E0%A4%95%E0%A5%8B%E0%A4%AE%E0%A5%87%E0%A4%95%E0%A4%BF%E0%A4%AF%E0%A4%A8_%E0%A4%A8%E0%A5%80%E0%A4%A4%E0%A4%BF%E0%A4%B6%E0%A4%BE%E0%A4%B8%E0%A5%8D%E0%A4%A4%E0%A5%8D%E0%A4%B0	निकोमेकियन नीतिशास्त्र में कितने उपखण्ड शामिल है ?	nickmalhotra/ProjectIndus	निकोमेकियन नीतिशास्त्र में तीन उपखण्ड शामिल हैंः 	['निको', 'मेक', 'ियन▁', 'नीति', 'शास्त्र▁में▁', 'तीन▁', 'उप', 'खण्ड▁', 'शामिल▁', 'हैं', 'ः', '\n']	[15.693580627441406, 20.19026756286621, 23.16449546813965, 17.313785552978516, 18.47681999206543, 12.325780868530273, 16.977664947509766, 17.683324813842773, 15.859855651855469, 18.529495239257812, 19.4847354888916, 15.981138229370117]
26	414	https://zh.wikipedia.org/wiki/%E5%90%90%E9%B2%81%E7%95%AA%E5%B8%82	吐鲁番市	https://hi.wikipedia.org/wiki/%E0%A4%A4%E0%A5%81%E0%A4%B0%E0%A4%AB%E0%A4%BC%E0%A4%BE%E0%A4%A8	तुरफ़ान की  एमीन मीनार की ऊचाई कितनी है ?	nickmalhotra/ProjectIndus	तुर्फ़ान मे एमीन मीनार (ऊँचाई २८० मी.) की ऊचाई २८० मी. है।	['तुर्', 'फ़', 'ान▁', 'मे▁', 'ए', 'मीन▁', 'मीना', 'र▁(', 'ऊँचाई▁', '२८', '०▁', 'मी', '.', ')▁की▁', 'ऊ', 'चाई▁', '२८', '०▁', 'मी', '.▁', 'है।', '</s>']	[10.287360191345215, 20.42359733581543, 22.966590881347656, 9.604471206665039, 13.36587905883789, 19.644268035888672, 16.7319393157959, 18.965909957885742, 9.843481063842773, 10.646286964416504, 17.954387664794922, 16.017311096191406, 17.26765251159668, 18.190624237060547, 15.176301002502441, 20.063457489013672, 14.284296035766602, 20.911476135253906, 18.73140525817871, 21.103649139404297, 16.1638126373291, 18.99644660949707]
27	441	https://zh.wikipedia.org/wiki/%E8%82%BA%E7%A7%BB%E6%A4%8D	肺移植	https://hi.wikipedia.org/wiki/%E0%A4%AB%E0%A5%87%E0%A4%AB%E0%A4%A1%E0%A4%BC%E0%A5%87_%E0%A4%95%E0%A4%BE_%E0%A4%AA%E0%A5%8D%E0%A4%B0%E0%A4%A4%E0%A5%8D%E0%A4%AF%E0%A4%BE%E0%A4%B0%E0%A5%8B%E0%A4%AA%E0%A4%A3	फेफड़े से जुड़ी पहली सफल प्रत्यारोपण सर्जरी किस डॉक्टर द्वारा और कब की गयी थी  ?	sarvamai/OpenHathi-7B-Hi-v0.1-Base	फेफड़े से जुड़ी पहली सफल प्रत्यारोपण सर्जरी किस डॉक्टर द्वारा और कब की गयी थी  ? Answer: --- फेफड़ों से जुड़े पहली सऊदी अरब के शल्य चिकित्सक डॉ. अब्दुल रहमान अल-असगर द्वारा 1980 में की गई थी।	['Answer', ':', '<0x0A>', '---', '<0x0A>', 'फे', 'फ', 'ड़ों', '▁से', '▁जुड़े', '▁पहली', '▁स', '<0xE0>', '<0xA4>', '<0x8A>', 'दी', '▁अरब', '▁के', '▁श', 'ल्', 'य', '▁चिकित्सक', '▁डॉ', '.', '▁अब्दुल', '▁रहमान', '▁अल', '-', 'अ', 'स', 'गर', '▁द्वारा', '▁', '1', '9', '8', '0', '▁में', '▁की', '▁गई', '▁थी', '।', '</s>']	[15.058096885681152, 21.260883331298828, 20.090808868408203, 21.487817764282227, 29.29102325439453, 14.411968231201172, 21.59926414489746, 20.543581008911133, 18.911060333251953, 15.642610549926758, 14.180267333984375, 12.591426849365234, 14.502620697021484, 20.24802017211914, 24.977266311645508, 11.716361045837402, 12.897758483886719, 13.299729347229004, 13.700372695922852, 21.983186721801758, 19.286279678344727, 15.434229850769043, 14.148573875427246, 13.865543365478516, 11.960841178894043, 13.063151359558105, 14.066797256469727, 13.341416358947754, 12.52822208404541, 12.848834037780762, 12.26091480255127, 13.940479278564453, 13.789828300476074, 19.549535751342773, 19.457935333251953, 17.325939178466797, 16.84239387512207, 17.17636489868164, 12.933470726013184, 15.136340141296387, 15.987242698669434, 18.170026779174805, 17.565649032592773]
28	454	https://en.wikipedia.org/wiki/Irrawaddy_River	Irrawaddy River	https://hi.wikipedia.org/wiki/%E0%A4%87%E0%A4%B0%E0%A4%BE%E0%A4%B5%E0%A4%A4%E0%A5%80_%E0%A4%A8%E0%A4%A6%E0%A5%80 	इरावती नदी का नाम किस हिन्दू देवी के पुत्र के नाम से जुड़ा हुआ है ?	nickmalhotra/ProjectIndus	इरावती नदी के नाम का रिश्ता भगवान शंकर के पुत्र कार्तिकेय से है ।	['इ', 'राव', 'ती▁', 'नदी▁के▁', 'नाम▁का▁', 'रिश्ता▁', 'भगवान▁', 'शंक', 'र▁के▁', 'पुत्र', '▁कार्तिक', 'ेय', '▁से▁', 'है▁।', '</s>']	[13.280129432678223, 22.588314056396484, 21.304031372070312, 13.633054733276367, 12.715476989746094, 10.013656616210938, 12.231270790100098, 14.595619201660156, 22.31007194519043, 16.56412696838379, 20.15872573852539, 20.279512405395508, 19.504318237304688, 14.796552658081055, 18.841588973999023]
29	466	https://zh.wikipedia.org/wiki/%E5%8D%9A%E7%88%BE%E9%A6%AC%E9%87%8C%E7%83%8F%E5%B8%95%E9%BD%8A%E6%8B%89	博爾馬里烏帕齊拉	https://hi.wikipedia.org/wiki/%E0%A4%AC%E0%A5%8B%E0%A4%AF%E0%A4%BC%E0%A4%BE%E0%A4%B2%E0%A4%AE%E0%A4%BE%E0%A4%B0%E0%A5%80_%E0%A4%89%E0%A4%AA%E0%A4%9C%E0%A4%BC%E0%A4%BF%E0%A4%B2%E0%A4%BE	बोय़ालमारी उपज़िला में इस्लाम के अनुयाई आबादी औसतन कितने प्रतिशत है ?	nickmalhotra/ProjectIndus	बोय़ालमारी उपज़िला में इस्लाम के अनुयाई आबादी लगभग ९ प्रतिशत है।	['बो', 'य', '़', 'ा', 'ल', 'मारी▁', 'उप', 'ज़ि', 'ला▁में▁', 'इस्ला', 'म', '▁के▁अनु', 'या', 'ई▁', 'आबादी▁', 'लगभग▁', '९', '▁प्रतिशत▁', 'है।', '</s>']	[14.060380935668945, 21.757373809814453, 25.46154022216797, 28.124357223510742, 26.617361068725586, 28.32762908935547, 19.038042068481445, 21.384824752807617, 22.417964935302734, 18.184236526489258, 22.930469512939453, 24.617734909057617, 25.36697769165039, 25.482248306274414, 17.81209373474121, 15.093158721923828, 13.815290451049805, 18.293643951416016, 17.61928939819336, 20.416650772094727]
30	471	https://zh.wikipedia.org/wiki/%E6%95%98%E5%88%A9%E4%BA%9E%E5%9F%BA%E7%9D%A3%E6%95%99	敘利亞基督教	https://hi.wikipedia.org/wiki/%E0%A4%B8%E0%A5%80%E0%A4%B0%E0%A4%BF%E0%A4%AF%E0%A4%BE%E0%A4%88_%E0%A4%88%E0%A4%B8%E0%A4%BE%E0%A4%88	सीरियाई ईसाई द्वारा प्रयोग की गयी भाषा किस भाषा की उपभाषा है ?	nickmalhotra/ProjectIndus	सीरियाई ईसाई द्वारा प्रयोग की जाने वाली भाषा अरबी भाषा है।	['सी', 'रिया', 'ई▁', 'ईसाई▁', 'द्वारा▁', 'प्रयोग', '▁की▁जाने▁वाली▁', 'भाषा▁', 'अर', 'बी▁', 'भाष', 'ा▁है।', '</s>']	[12.995022773742676, 21.824899673461914, 21.801881790161133, 18.844093322753906, 16.129573822021484, 17.0258846282959, 21.259029388427734, 18.71724510192871, 12.5059175491333, 18.080347061157227, 16.69551658630371, 20.416664123535156, 18.58772087097168]
31	491	https://fr.wikipedia.org/wiki/Cirrostratus	Cirrostratus	https://hi.wikipedia.org/wiki/%E0%A4%AA%E0%A4%95%E0%A5%8D%E0%A4%B7%E0%A4%BE%E0%A4%AD_%E0%A4%B8%E0%A5%8D%E0%A4%A4%E0%A4%B0%E0%A5%80_%E0%A4%AC%E0%A4%BE%E0%A4%A6%E0%A4%B2	पक्षाभ स्तरी  आमतौर पर कितने ऊचाई पर स्थित होता है ?	nickmalhotra/ProjectIndus	पक्षाभ स्तरी आमतौर पर लगभग १०० से २०० मीटर तक ऊचाई पर स्थित होता है ।	['प', 'क्षा', 'भ', '▁स्', 'तरी▁', 'आमतौर▁पर▁', 'लगभग▁', '१००', '▁से▁', '२००▁', 'मीटर▁', 'तक▁', 'ऊ', 'चाई', '▁पर▁', 'स्थित▁', 'होता▁है▁', '।', '</s>']	[12.847206115722656, 20.703556060791016, 22.989458084106445, 18.569379806518555, 23.51371192932129, 14.392892837524414, 12.189709663391113, 12.296368598937988, 17.510574340820312, 17.588024139404297, 16.829017639160156, 15.911394119262695, 14.45596981048584, 20.70301628112793, 21.903457641601562, 16.268463134765625, 17.021848678588867, 19.69246482849121, 19.769338607788086]
32	497	https://zh.wikipedia.org/wiki/%E5%88%86%E5%AD%90%E7%94%9F%E7%89%A9%E5%AD%A6	分子生物学	https://hi.wikipedia.org/wiki/%E0%A4%85%E0%A4%A3%E0%A5%81%E0%A4%9C%E0%A5%88%E0%A4%B5%E0%A4%BF%E0%A4%95%E0%A5%80	अणुजैविकी शब्द का गढन किस वैज्ञानिक ने किया था ?	nickmalhotra/ProjectIndus	अणुजैविकी शब्द का गढन जॉन डाल्टन ने किया था।	['अणु', 'जै', 'वि', 'की▁', 'शब्द▁का▁', 'गढ', 'न▁', 'जॉन▁', 'डा', 'ल्', 'टन▁', 'ने', '▁किया▁था।', '</s>']	[13.223896026611328, 17.66728401184082, 21.902523040771484, 23.409591674804688, 15.125831604003906, 13.842470169067383, 20.361968994140625, 11.466578483581543, 12.749072074890137, 18.438007354736328, 20.062593460083008, 17.719173431396484, 19.752538681030273, 18.8194580078125]
33	500	https://hi.wikipedia.org/wiki/%E0%A4%AE%E0%A5%80%E0%A4%A8%E0%A4%BE%E0%A4%AC	मीनाब	https://hi.wikipedia.org/wiki/%E0%A4%AE%E0%A5%80%E0%A4%A8%E0%A4%BE%E0%A4%AC	मीनाब शहर कौन से प्रान्त में आता है ?	nickmalhotra/ProjectIndus	मीनाब शहर पाल्क खाड़ी के मुहाने पर स्थित है।	['मीना', 'ब▁', 'शहर▁', 'पा', 'ल्', 'क▁', 'खा', 'ड़ी▁के▁', 'मुह', 'ाने▁पर▁', 'स्थित▁', 'है।', '</s>']	[15.298813819885254, 20.771337509155273, 15.185710906982422, 11.630935668945312, 11.881627082824707, 12.076004028320312, 13.253739356994629, 18.294565200805664, 13.68702220916748, 21.294872283935547, 15.146589279174805, 15.102088928222656, 18.66130256652832]
34	501	https://ar.wikipedia.org/wiki/%D8%AA%D8%A7%D8%A8%D9%88_%D8%A5%D9%8A%D9%85%D8%A8%D9%8A%D9%83%D9%8A	تابو إيمبيكي	https://hi.wikipedia.org/wiki/%E0%A4%A5%E0%A4%BE%E0%A4%AC%E0%A5%8B_%E0%A4%AE%E0%A5%8D%E0%A4%B5%E0%A5%82%E0%A4%AF%E0%A5%87%E0%A4%B2%E0%A4%B5%E0%A4%BE_%E0%A4%AE%E0%A5%8D%E0%A4%AC%E0%A5%87%E0%A4%95%E0%A5%80	दक्षिण अफ़्रीका के दूसरे राष्ट्रपति कौन है  ?	meta-llama/Meta-Llama-3-8B-Instruct	दक्षिण अफ़्रीका के दूसरे राष्ट्रपति थे चार्ल्स रोल्फ मैंगेर्स। वह 1985 से 1994 तक राष्ट्रपति रहे।	['à¤¦', 'à¤ķ', 'à¥įà¤·', 'à¤¿à¤£', 'Ġà¤ħà¤«', 'à¤¼à¥į', 'à¤°', 'à¥Ģà¤ķ', 'à¤¾', 'Ġà¤ķ', 'à¥ĩ', 'Ġà¤¦', 'à¥Ĥà¤¸à¤°', 'à¥ĩ', 'Ġà¤°', 'à¤¾à¤·', 'à¥įà¤Ł', 'à¥įà¤°à¤ªà¤¤', 'à¤¿', 'Ġà¤¥', 'à¥ĩ', 'Ġà¤ļ', 'à¤¾à¤°', 'à¥įà¤²', 'à¥įà¤¸', 'Ġà¤°', 'à¥ĭà¤²', 'à¥įà¤«', 'Ġà¤®', 'à¥Īà¤Ĥ', 'à¤Ĺ', 'à¥ĩà¤°', 'à¥įà¤¸', 'à¥¤', 'Ġà¤µà¤¹', 'Ġ', '198', '5', 'Ġà¤¸', 'à¥ĩ', 'Ġ', '199', '4', 'Ġà¤¤à¤ķ', 'Ġà¤°', 'à¤¾à¤·', 'à¥įà¤Ł', 'à¥įà¤°à¤ªà¤¤', 'à¤¿', 'Ġà¤°à¤¹', 'à¥ĩà¥¤', '<|eot_id|>']	[21.335786819458008, 24.59328842163086, 29.260313034057617, 24.792003631591797, 27.471240997314453, 23.115276336669922, 27.116701126098633, 30.080810546875, 26.08563804626465, 24.755760192871094, 26.45121192932129, 22.27233123779297, 25.112014770507812, 28.610525131225586, 23.9742488861084, 29.001066207885742, 27.420204162597656, 28.440793991088867, 28.810047149658203, 13.192482948303223, 21.253969192504883, 14.518397331237793, 22.729564666748047, 24.602142333984375, 21.503677368164062, 18.823999404907227, 15.1776123046875, 14.485810279846191, 17.504425048828125, 13.154372215270996, 18.1105899810791, 17.048683166503906, 16.93341064453125, 11.53411865234375, 16.454740524291992, 18.265972137451172, 16.252777099609375, 23.283246994018555, 20.810218811035156, 24.558809280395508, 23.375703811645508, 23.493881225585938, 24.575138092041016, 22.508647918701172, 16.759326934814453, 23.20402717590332, 27.280467987060547, 27.29143714904785, 26.36760902404785, 20.044706344604492, 25.063480377197266, 18.154268264770508]
35	503	https://hi.wikipedia.org/wiki/%E0%A4%B8%E0%A5%88%E0%A4%95%E0%A5%8D%E0%A4%B0%E0%A4%BE%E0%A4%AE%E0%A5%87%E0%A4%82%E0%A4%9F%E0%A5%8B_%E0%A4%95%E0%A4%BF%E0%A4%82%E0%A4%97%E0%A5%8D%E0%A4%B8	सैक्रामेंटो किंग्स	https://hi.wikipedia.org/wiki/%E0%A4%B8%E0%A5%88%E0%A4%95%E0%A5%8D%E0%A4%B0%E0%A4%BE%E0%A4%AE%E0%A5%87%E0%A4%82%E0%A4%9F%E0%A5%8B_%E0%A4%95%E0%A4%BF%E0%A4%82%E0%A4%97%E0%A5%8D%E0%A4%B8	सैक्रामेंटो किंग्स के मालिक कौन है ?	nickmalhotra/ProjectIndus	सैक्रामेंटो किंग्स के मालिक जेरी ब्राउन हैं।	['सै', 'क्रा', 'में', 'टो', '▁किंग्', 'स▁के▁', 'मा', 'लिक▁', 'जे', 'री▁', 'ब्राउन▁', 'हैं।', '</s>']	[14.901954650878906, 23.83211898803711, 26.714275360107422, 30.33963394165039, 22.715002059936523, 23.96337890625, 17.32508087158203, 20.992162704467773, 10.530756950378418, 14.462993621826172, 10.696245193481445, 15.145853996276855, 19.111061096191406]
36	506	https://hi.wikipedia.org/wiki/%E0%A4%B2%E0%A4%BE_%E0%A4%B2%E0%A5%8D%E0%A4%B2%E0%A5%8B%E0%A4%B0%E0%A5%8B%E0%A4%A8%E0%A4%BE	ला ल्लोरोना	https://hi.wikipedia.org/wiki/%E0%A4%B2%E0%A4%BE_%E0%A4%B2%E0%A5%8D%E0%A4%B2%E0%A5%8B%E0%A4%B0%E0%A5%8B%E0%A4%A8%E0%A4%BE	ला ल्लोरोना की कथा किन देशो में प्रसिद्ध  है ?	nickmalhotra/ProjectIndus	ला ल्लरोना इटली की राष्ट्रीय फुटबॉल टीम के खिलाडीयो की एक ऐसी टीम है जो विभिन्न देशो में प्रसिद्ध है ।	['ला▁', 'ल्ल', 'रो', 'ना▁', 'इट', 'ली▁की▁', 'राष्ट्रीय▁', 'फुटबॉल▁', 'टीम▁के▁', 'खिला', 'डी', 'यो', '▁की▁एक▁', 'ऐसी▁', 'टीम▁', 'है▁जो▁', 'विभिन्न▁', 'देश', 'ो▁में▁', 'प्रसिद्ध▁', 'है▁।', '</s>']	[12.576223373413086, 11.82131290435791, 15.319761276245117, 18.578458786010742, 13.626104354858398, 18.223161697387695, 9.923321723937988, 14.430859565734863, 16.91844940185547, 9.945560455322266, 15.782248497009277, 13.021354675292969, 13.957717895507812, 10.288366317749023, 14.951338768005371, 16.423019409179688, 8.86294937133789, 15.444175720214844, 20.922054290771484, 13.87926197052002, 16.737773895263672, 17.204742431640625]
37	508	https://hi.wikipedia.org/wiki/%E0%A4%AF%E0%A5%82%E0%A4%88%E0%A4%8F%E0%A4%AB%E0%A4%8F_%E0%A4%AF%E0%A5%82%E0%A4%B0%E0%A5%8B%E0%A4%AA%E0%A4%BE_%E0%A4%B2%E0%A5%80%E0%A4%97	यूईएफए यूरोपा लीग	https://hi.wikipedia.org/wiki/%E0%A4%AF%E0%A5%82%E0%A4%88%E0%A4%8F%E0%A4%AB%E0%A4%8F_%E0%A4%AF%E0%A5%82%E0%A4%B0%E0%A5%8B%E0%A4%AA%E0%A4%BE_%E0%A4%B2%E0%A5%80%E0%A4%97	यूईएफए यूरोपा लीग में आज तक की सबसे सफल क्लब ने कितनी बार खिताब जीता है ?	nickmalhotra/ProjectIndus	यूईएफए यूरोपा लीग में आज तक की सबसे सफल क्लब ने कुल १२ बार खिताब जीता है।	['यू', 'ई', 'एफ', 'ए▁', 'यूरो', 'पा▁', 'लीग▁में▁', 'आज▁', 'तक▁की▁', 'सबसे▁', 'सफल', '▁क्लब▁', 'ने', '▁कुल▁', '१२▁', 'बार▁', 'खिताब▁', 'जी', 'ता▁है।', '</s>']	[13.564050674438477, 21.964282989501953, 28.45688819885254, 26.733734130859375, 22.792985916137695, 26.971866607666016, 19.331693649291992, 13.155095100402832, 22.230850219726562, 19.933286666870117, 21.830347061157227, 23.383268356323242, 12.51344108581543, 13.640463829040527, 15.12370491027832, 18.900556564331055, 17.462223052978516, 20.841232299804688, 22.825145721435547, 18.04151153564453]
38	510	https://fr.wikipedia.org/wiki/Radar_%C3%A0_synth%C3%A8se_d%27ouverture	Radar à synthèse d'ouverture	https://hi.wikipedia.org/wiki/%E0%A4%B8%E0%A4%BF%E0%A4%82%E0%A4%A5%E0%A5%87%E0%A4%9F%E0%A4%BF%E0%A4%95_%E0%A4%8F%E0%A4%AA%E0%A4%B0%E0%A5%8D%E0%A4%9A%E0%A4%B0_%E0%A4%B0%E0%A4%A1%E0%A4%BE%E0%A4%B0_(%E0%A4%8F%E0%A4%B8%E0%A4%8F%E0%A4%86%E0%A4%B0)	चीन ने २०१६ में कौन सा  उपग्रह लांच किया है?	meta-llama/Meta-Llama-3-8B-Instruct	"चीन ने २०१६ में ""Tiantan-1"" नामक एक उपग्रह लांच किया था। Tiantan-1 एक संचार उपग्रह है जिसका उद्देश्य चीन के संचार नेटवर्क को सुदृढ़ करना है। यह उपग्रह २०१६ के ९वें माह में लांच किया गया था।"	"['à¤ļ', 'à¥Ģà¤¨', 'Ġà¤¨', 'à¥ĩ', 'Ġ', 'à¥¨à¥¦', 'à¥§', 'à¥¬', 'Ġà¤®', 'à¥ĩà¤Ĥ', 'Ġ""', 'T', 'iant', 'an', '-', '1', '""', 'Ġà¤¨', 'à¤¾à¤®à¤ķ', 'Ġà¤ıà¤ķ', 'Ġà¤īà¤ª', 'à¤Ĺ', 'à¥įà¤°à¤¹', 'Ġà¤²', 'à¤¾à¤Ĥ', 'à¤ļ', 'Ġà¤ķ', 'à¤¿à¤¯', 'à¤¾', 'Ġà¤¥', 'à¤¾à¥¤', 'ĠT', 'iant', 'an', '-', '1', 'Ġà¤ıà¤ķ', 'Ġà¤¸', 'à¤Ĥà¤ļ', 'à¤¾à¤°', 'Ġà¤īà¤ª', 'à¤Ĺ', 'à¥įà¤°à¤¹', 'Ġà¤¹', 'à¥Ī', 'Ġà¤ľ', 'à¤¿à¤¸à¤ķ', 'à¤¾', 'Ġà¤īà¤¦', 'à¥įà¤¦', 'à¥ĩà¤¶', 'à¥įà¤¯', 'Ġà¤ļ', 'à¥Ģà¤¨', 'Ġà¤ķ', 'à¥ĩ', 'Ġà¤¸', 'à¤Ĥà¤ļ', 'à¤¾à¤°', 'Ġà¤¨', 'à¥ĩà¤Ł', 'à¤µà¤°', 'à¥įà¤ķ', 'Ġà¤ķ', 'à¥ĭ', 'Ġà¤¸', 'à¥ģà¤¦', 'à¥ĥ', 'à¤¢', 'à¤¼', 'Ġà¤ķà¤°à¤¨', 'à¤¾', 'Ġà¤¹', 'à¥Īà¥¤', 'Ġà¤¯à¤¹', 'Ġà¤īà¤ª', 'à¤Ĺ', 'à¥įà¤°à¤¹', 'Ġ', 'à¥¨à¥¦', 'à¥§', 'à¥¬', 'Ġà¤ķ', 'à¥ĩ', 'Ġ', 'à¥¯', 'à¤µ', 'à¥ĩà¤Ĥ', 'Ġà¤®', 'à¤¾à¤¹', 'Ġà¤®', 'à¥ĩà¤Ĥ', 'Ġà¤²', 'à¤¾à¤Ĥ', 'à¤ļ', 'Ġà¤ķ', 'à¤¿à¤¯', 'à¤¾', 'Ġà¤Ĺà¤¯', 'à¤¾', 'Ġà¤¥', 'à¤¾à¥¤', '<|eot_id|>']"	[9.63172721862793, 7.405208110809326, 8.770257949829102, 7.640464782714844, 10.30282211303711, 8.563726425170898, 13.441533088684082, 4.796623229980469, 7.988811492919922, 4.19333553314209, -5.946250915527344, 1.9514862298965454, 5.199187278747559, -3.6774611473083496, -4.038474082946777, -3.591052770614624, -0.4096571207046509, 5.803743362426758, 4.239915370941162, 10.806906700134277, 6.907155990600586, 7.643732070922852, 5.134737968444824, 7.659847259521484, 6.5191650390625, 5.275435447692871, 8.062077522277832, 7.181447982788086, 7.099541187286377, 4.924856185913086, 2.0982635021209717, 0.4818415641784668, 7.291725158691406, 0.65977942943573, -0.691957950592041, -0.928580641746521, 10.488997459411621, 8.156744003295898, 7.011146545410156, 6.833955764770508, 7.362155437469482, 6.501367568969727, 6.781834602355957, 6.311064720153809, 8.874818801879883, 7.013930320739746, 8.088935852050781, 8.451790809631348, 10.79603385925293, 13.472406387329102, 3.4941630363464355, 3.5402016639709473, 9.9564790725708, 5.795092582702637, 11.841718673706055, 7.919874668121338, 7.76856803894043, 7.581146240234375, 8.35346794128418, 6.593905448913574, 9.491626739501953, 5.792530536651611, 7.305395603179932, 11.481644630432129, 5.876047611236572, 7.704680442810059, 4.845038890838623, 12.119829177856445, 2.2938709259033203, 9.88784122467041, 11.493326187133789, 7.817310810089111, 7.152364730834961, 3.5966885089874268, 6.170477390289307, 5.321863174438477, 5.843368053436279, 2.2508552074432373, 8.753698348999023, 6.854682922363281, 13.867573738098145, 4.214921951293945, 10.422672271728516, 7.6929731369018555, 2.1327829360961914, 9.666112899780273, 6.362191677093506, 4.989940643310547, 4.6432881355285645, 2.438404083251953, 6.3255486488342285, 5.0817952156066895, 7.288519859313965, 5.465614318847656, 4.842568874359131, 8.886271476745605, 6.315041542053223, 10.0397367477417, 11.45284652709961, 8.416651725769043, 7.02289342880249, -0.3495156466960907, 21.65320587158203]
39	514	https://hi.wikipedia.org/wiki/%E0%A4%AF%E0%A5%8B%E0%A4%B9%E0%A4%BE%E0%A4%A8_%E0%A4%B8%E0%A5%87%E0%A4%AC%E0%A4%BE%E0%A4%B8%E0%A5%8D%E0%A4%A4%E0%A4%BF%E0%A4%AF%E0%A4%A8_%E0%A4%AC%E0%A4%BE%E0%A4%96%E0%A4%BC	योहान सेबास्तियन बाख़	https://hi.wikipedia.org/wiki/%E0%A4%AF%E0%A5%8B%E0%A4%B9%E0%A4%BE%E0%A4%A8_%E0%A4%B8%E0%A5%87%E0%A4%AC%E0%A4%BE%E0%A4%B8%E0%A5%8D%E0%A4%A4%E0%A4%BF%E0%A4%AF%E0%A4%A8_%E0%A4%AC%E0%A4%BE%E0%A4%96%E0%A4%BC	जर्मन संगीतकार बाख के निधन के समय उनकी उम्र क्या थी ?	nickmalhotra/ProjectIndus	जर्मन संगीतकार बाख का निधन २७ नवंबर, १९२७ को हुआ था।	['जर्म', 'न', '▁संगीत', 'कार▁', 'बा', 'ख', '▁का▁', 'निधन▁', '२७▁', 'नवंबर,▁', '१९', '२७', '▁को▁', 'हुआ▁था।', '</s>']	[13.155454635620117, 24.695632934570312, 21.787626266479492, 23.477693557739258, 16.621976852416992, 21.770334243774414, 18.53166961669922, 16.575420379638672, 12.105188369750977, 17.784469604492188, 18.470300674438477, 17.095861434936523, 22.240924835205078, 13.352629661560059, 19.43397331237793]
40	516	https://hi.wikipedia.org/wiki/%E0%A4%A6%E0%A5%80_%E0%A4%8F%E0%A4%9C_%E0%A4%91%E0%A4%AB%E0%A4%BC_%E0%A4%B0%E0%A5%80%E0%A4%9C%E0%A4%BC%E0%A4%A8	दी एज ऑफ़ रीज़न	https://hi.wikipedia.org/wiki/%E0%A4%A6%E0%A5%80_%E0%A4%8F%E0%A4%9C_%E0%A4%91%E0%A4%AB%E0%A4%BC_%E0%A4%B0%E0%A5%80%E0%A4%9C%E0%A4%BC%E0%A4%A8	दी एज ऑफ़ रीज़न किताब का दूसरा भाग कब प्रकाशित हुआ था ?	nickmalhotra/ProjectIndus	पुस्तक का प्रकाशन १८ फरवरी २०११ को किया गया था।	['पुस्तक', '▁का▁प्रका', 'शन▁', '१८▁', 'फरवरी▁', '२०११', '▁को', '▁किया▁गया▁था।', '</s>']	[7.669398307800293, 15.559359550476074, 26.122756958007812, 9.33833122253418, 14.903630256652832, 14.611942291259766, 20.269601821899414, 16.474441528320312, 19.049419403076172]
41	521	https://hi.wikipedia.org/wiki/%E0%A4%9A%E0%A5%87%E0%A4%82%E0%A4%97%E0%A4%A6%E0%A5%82	चेंगदू	https://hi.wikipedia.org/wiki/%E0%A4%9A%E0%A5%87%E0%A4%82%E0%A4%97%E0%A4%A6%E0%A5%82	चेंगदू शहर पर चीन ने कब कब्ज़ा किया था ?	nickmalhotra/ProjectIndus	१९४९ में, चीन ने चेंगदू शहर पर कब्जा कर लिया।	['१९', '४९▁', 'में,▁', 'चीन▁ने▁', 'च', 'ेंग', 'दू▁', 'शहर▁', 'पर▁क', 'ब्जा', '▁कर▁', 'लिया।', '</s>']	[11.951680183410645, 17.941015243530273, 17.275043487548828, 14.88442611694336, 15.322089195251465, 25.274608612060547, 21.21278953552246, 18.65403175354004, 20.685556411743164, 20.59461212158203, 19.142860412597656, 18.179224014282227, 19.77503776550293]
42	522	https://hi.wikipedia.org/wiki/%E0%A4%AE%E0%A4%A4%E0%A4%BE%E0%A4%A7%E0%A4%BF%E0%A4%95%E0%A4%BE%E0%A4%B0	मताधिकार	https://hi.wikipedia.org/wiki/%E0%A4%AE%E0%A4%A4%E0%A4%BE%E0%A4%A7%E0%A4%BF%E0%A4%95%E0%A4%BE%E0%A4%B0	भारतीय संविधान में कौन सा अनुछेद  वयस्क मताधिकार को परिभाषित करती है ?	nickmalhotra/ProjectIndus	भारतीय संविधान के अनुच्छेद ३२४ में वयस्क मताधिकार को परिभाषित किया गया है।	['भारतीय▁संविधान', '▁के▁अनुच्छेद▁', '३', '२४', '▁में▁', 'वयस्क▁', 'मता', 'धिकार', '▁को', '▁परिभाषित', '▁किया▁गया▁है।', '</s>']	[13.170537948608398, 19.156185150146484, 16.414283752441406, 20.711977005004883, 16.86211395263672, 14.372891426086426, 20.624168395996094, 23.81633758544922, 18.8265438079834, 22.115814208984375, 18.018108367919922, 17.273500442504883]
43	523	https://ar.wikipedia.org/wiki/%D8%B9%D9%85%D8%B1%D8%A7%D9%86_%D8%AE%D8%A7%D9%86	عمران خان	https://hi.wikipedia.org/wiki/%E0%A4%87%E0%A4%AE%E0%A4%B0%E0%A4%BE%E0%A4%A8_%E0%A4%96%E0%A4%BC%E0%A4%BE%E0%A4%A8	इमरान ख़ान ने पाकिस्तान क्रिकेट टीम के लिए कितने वर्ष खेला है ?	nickmalhotra/ProjectIndus	इमरान ख़ान ने पाकिस्तान क्रिकेट टीम के लिए कुल ५ वर्ष खेले हैं।	['इमरान▁', 'ख़', 'ान▁', 'ने▁', 'पा', 'कि', 'स्तान', '▁क्रिकेट▁टीम', '▁के▁लिए', '▁कुल▁', '५▁', 'वर्ष▁', 'खेले▁', 'हैं।', '</s>']	[16.10063934326172, 19.79746437072754, 26.80603790283203, 19.36024284362793, 17.27476692199707, 25.9937801361084, 28.031858444213867, 21.321474075317383, 21.26069450378418, 18.05815315246582, 14.545019149780273, 16.897083282470703, 17.16114044189453, 19.84280776977539, 19.436847686767578]
44	524	https://hi.wikipedia.org/wiki/%E0%A4%86%E0%A4%B0%E0%A5%8D%E0%A4%AC%E0%A5%8B%E0%A4%B0%E0%A5%8B%E0%A4%AB%E0%A4%BF%E0%A4%B2%E0%A4%BF%E0%A4%AF%E0%A4%BE	आर्बोरोफिलिया	https://hi.wikipedia.org/wiki/%E0%A4%86%E0%A4%B0%E0%A5%8D%E0%A4%AC%E0%A5%8B%E0%A4%B0%E0%A5%8B%E0%A4%AB%E0%A4%BF%E0%A4%B2%E0%A4%BF%E0%A4%AF%E0%A4%BE	आर्बोरोफिलिया पक्षियाँ कौन से महाद्वीप में पाए जाते है ?	nickmalhotra/ProjectIndus	आर्बोरोफिलिया पक्षियाँ उत्तरी अमेरिका, दक्षिण अमेरिका, ऑस्ट्रेलिया, न्यूजीलैंड, दक्षिण अफ्रीका, भारत, श्रीलंका, बांग्लादेश, नेपाल, भूटान, मालदीव, मॉरीशस, म्यांमार, श्रीलंका, थाईलैंड और वियतनाम जैसे देशों में पाए जाते हैं।	['आर्', 'बो', 'रो', 'फि', 'लिया▁', 'पक्ष', 'ियाँ▁', 'उत्तरी▁', 'अमेरिका,▁', 'दक्षिण▁', 'अमेरिका,▁', 'ऑस्ट्रेलिया', ',▁', 'न्यूजीलैंड', ',▁', 'दक्षिण▁अफ्री', 'का,▁', 'भारत,▁', 'श्रीलं', 'का,▁', 'बांग्ला', 'देश,▁', 'नेपा', 'ल,▁', 'भू', 'टान', ',▁', 'माल', 'दी', 'व,▁', 'मॉरीश', 'स,▁', 'म', '्यां', 'मार', ',▁', 'श्रीलं', 'का,▁', 'थाई', 'लैंड', '▁और▁', 'वियत', 'नाम▁', 'जैसे▁', 'देशों▁में▁', 'पाए▁', 'जाते▁हैं।', '</s>']	[3.6445817947387695, 14.348953247070312, 6.586611270904541, 7.321620464324951, -1.5128233432769775, 3.9937057495117188, -2.143345355987549, 10.659622192382812, 6.07600212097168, 11.180578231811523, 4.060856342315674, 6.8255157470703125, 7.522985458374023, 6.471734046936035, 7.788455963134766, 1.541965126991272, -1.382730484008789, 8.479778289794922, 3.1755495071411133, -1.4395910501480103, 4.1996917724609375, 6.332821846008301, 3.7384424209594727, -1.7647768259048462, 7.963591575622559, 3.929835319519043, 9.193708419799805, 5.131039142608643, 3.1477508544921875, 3.465512275695801, 0.394137442111969, 4.077031135559082, 0.7733469605445862, 1.344916820526123, 5.492436408996582, 9.756328582763672, 1.820953130722046, -0.4642041325569153, 2.3629770278930664, 1.3461015224456787, 0.3210790157318115, 0.24178338050842285, 3.0209996700286865, 4.225733757019043, 2.4331045150756836, 5.686653137207031, -4.148429870605469, 13.977619171142578]
45	528	https://hi.wikipedia.org/wiki/%E0%A4%AA%E0%A5%8D%E0%A4%B0%E0%A4%BE%E0%A4%AF%E0%A4%BF%E0%A4%95%E0%A4%A4%E0%A4%BE	प्रायिकता	https://hi.wikipedia.org/wiki/%E0%A4%AA%E0%A5%8D%E0%A4%B0%E0%A4%BE%E0%A4%AF%E0%A4%BF%E0%A4%95%E0%A4%A4%E0%A4%BE	संभाव्यता किन संख्यो के मध्य में होता है ?	nickmalhotra/ProjectIndus	संभाव्यता उन संख्याओं के मध्य में आता है जिनका योग या घटाव १ होता है ।	['संभा', 'व्य', 'ता▁', 'उन', '▁संख्या', 'ओं▁के▁', 'मध्य', '▁में▁आ', 'ता▁है▁', 'जिनका▁', 'योग▁', 'या▁', 'घटा', 'व▁', '१▁', 'होता▁है▁', '।', '</s>']	[11.94194221496582, 23.27889060974121, 18.34615135192871, 11.334088325500488, 16.927135467529297, 19.516414642333984, 18.018268585205078, 16.144906997680664, 17.287830352783203, 15.951754570007324, 13.286033630371094, 12.39961051940918, 15.031057357788086, 18.328813552856445, 11.071756362915039, 14.268744468688965, 17.492454528808594, 18.352373123168945]
46	530	https://hi.wikipedia.org/wiki/%E0%A4%9C%E0%A5%8B%E0%A4%A7%E0%A4%BE_%E0%A4%85%E0%A4%95%E0%A4%AC%E0%A4%B0_(2008_%E0%A4%AB%E0%A4%BC%E0%A4%BF%E0%A4%B2%E0%A5%8D%E0%A4%AE)	जोधा अकबर (2008 फ़िल्म)	https://hi.wikipedia.org/wiki/%E0%A4%9C%E0%A5%8B%E0%A4%A7%E0%A4%BE_%E0%A4%85%E0%A4%95%E0%A4%AC%E0%A4%B0_(2008_%E0%A4%AB%E0%A4%BC%E0%A4%BF%E0%A4%B2%E0%A5%8D%E0%A4%AE)	जोधा अकबर फ़िल्म की पूरी कितनी लागत थी ?	nickmalhotra/ProjectIndus	जोधा अकबर फ़िल्म की लागत लगभग १०० करोड़ रुपये थी।	['जो', 'धा▁', 'अकबर▁', 'फ़िल्', 'म▁की▁', 'लागत▁', 'लगभग▁', '१००', '▁करोड़▁रुपये▁', 'थी।', '</s>']	[14.650060653686523, 25.520891189575195, 21.1925048828125, 17.066974639892578, 26.59486198425293, 16.127233505249023, 13.912912368774414, 13.294455528259277, 22.15494155883789, 16.749921798706055, 19.253528594970703]
47	531	https://hi.wikipedia.org/wiki/%E0%A4%98%E0%A4%BE%E0%A4%A8%E0%A4%BE_%E0%A4%95%E0%A4%BE_%E0%A4%A7%E0%A5%8D%E0%A4%B5%E0%A4%9C	घाना का ध्वज	https://hi.wikipedia.org/wiki/%E0%A4%98%E0%A4%BE%E0%A4%A8%E0%A4%BE_%E0%A4%95%E0%A4%BE_%E0%A4%A7%E0%A5%8D%E0%A4%B5%E0%A4%9C	घाना देश के  ध्वज में कितने रंग है ?	nickmalhotra/ProjectIndus	घाना देश के ध्वज में ३ रंग है ।	['घ', 'ाना▁', 'देश▁के▁', 'ध्वज', '▁में▁', '३▁', 'रंग▁', 'है▁।', '</s>']	[12.96116828918457, 22.41590118408203, 16.4960880279541, 14.877579689025879, 19.732540130615234, 11.373010635375977, 17.56766700744629, 12.504847526550293, 17.724782943725586]
48	534	https://hi.wikipedia.org/wiki/%E0%A4%AC%E0%A5%80%E0%A4%9F%E0%A4%BE_%E0%A4%9C%E0%A4%BF%E0%A4%B0%E0%A4%BE%E0%A4%AB%E0%A4%BC_%E0%A4%A4%E0%A4%BE%E0%A4%B0%E0%A4%BE	बीटा जिराफ़ तारा	https://hi.wikipedia.org/wiki/%E0%A4%AC%E0%A5%80%E0%A4%9F%E0%A4%BE_%E0%A4%9C%E0%A4%BF%E0%A4%B0%E0%A4%BE%E0%A4%AB%E0%A4%BC_%E0%A4%A4%E0%A4%BE%E0%A4%B0%E0%A4%BE	बीटा जिराफ़ तारा के  घूर्णन की गति कितनी है ?	nickmalhotra/ProjectIndus	बीटा जिराफ़ तारा की घूर्णन गति लगभग ०.८ किमी/घंटा (०.९ किमी/घंटा) है।	['बीटा▁', 'जि', 'रा', 'फ़▁', 'तारा', '▁की▁', 'घूर्', 'ण', 'न▁', 'गति▁', 'लगभग▁', '०.', '८', '▁किमी', '/', 'घंटा▁', '(', '०.', '९', '▁किमी', '/', 'घंटा', ')▁', 'है।', '</s>']	[15.364879608154297, 18.617773056030273, 22.429136276245117, 22.296701431274414, 17.62906837463379, 16.81183624267578, 16.352710723876953, 27.917104721069336, 22.961511611938477, 18.011306762695312, 14.047765731811523, 13.44849681854248, 15.151361465454102, 15.388266563415527, 22.48300552368164, 20.898563385009766, 16.623912811279297, 16.324018478393555, 16.935667037963867, 18.060405731201172, 22.933719635009766, 20.464685440063477, 20.988725662231445, 16.78614044189453, 18.639225006103516]
49	535	https://ar.wikipedia.org/wiki/%D8%AC%D8%A7%D9%85_%D9%86%D8%AC%D8%B1	جام نجر	https://hi.wikipedia.org/wiki/%E0%A4%9C%E0%A4%BE%E0%A4%AE%E0%A4%A8%E0%A4%97%E0%A4%B0	जामनगर का निर्माण किसने और कब करवाया था ?	nickmalhotra/ProjectIndus	जामनगर का निर्माण १९वीं शताब्दी में ब्रिटिश ईस्ट इंडिया कंपनी द्वारा किया गया था।	['जा', 'मन', 'गर', '▁का▁निर्माण▁', '१९', 'वीं▁शताब्', 'दी▁में▁', 'ब्रिटिश▁', 'ईस्ट▁', 'इंडिया', '▁कंपनी▁', 'द्वारा', '▁किया▁गया▁था।', '</s>']	[11.984909057617188, 23.67828941345215, 22.421688079833984, 19.493968963623047, 12.556892395019531, 18.41204833984375, 23.52056121826172, 12.52518081665039, 16.871137619018555, 23.939067840576172, 24.209569931030273, 18.058841705322266, 18.30051612854004, 19.49643325805664]
